member_id,first_name,last_name,date_of_birth,gender,phone,email,address,city,state,country,membership_type,join_date,member_status,last_modified
MEM000001,Sara,Cook,1996-11-08,M,(587) 280-5803,patriciasims@example.net,49155 Colleen Extension,Miami,CO,USA,Basic,2024-03-02,Active,2025-10-12
MEM000002,Matthew,Martin,1978-05-25,M,(496) 281-4814,cdavis@example.net,513 Mitchell River,Boston,IL,USA,Premium,2024-03-15,Active,2025-10-12
MEM000003,Kyle,Douglas,1990-01-04,M,(414) 886-5374,holtcrystal@example.com,6466 Hawkins Ways Suite 508,Boston,FL,USA,Premium,2023-04-29,Active,2025-10-12
MEM000004,Scott,Garcia,1982-11-29,F,(476) 855-4598,vbrewer@example.net,47338 Sharp Spurs Apt. 851,Denver,MA,USA,Premium,2025-05-15,Active,2025-10-12
MEM000005,Marissa,Williams,1995-07-16,M,(416) 780-6155,robertgonzalez@example.net,8340 Torres Flat,Atlanta,IL,USA,Basic,2023-12-11,Active,2025-10-12
MEM000006,Summer,Johnson,1993-10-09,M,(452) 962-9830,brownandrea@example.org,097 Stephanie Groves,Denver,FL,USA,Family,2025-04-28,Active,2025-10-12
MEM000007,Andrew,Barnes,1997-09-23,O,(341) 721-9085,davenportryan@example.org,095 Jennifer Forges Apt. 882,Boston,MA,USA,Premium,2023-10-29,Active,2025-10-12
MEM000008,Sean,Dunn,1964-02-15,F,(810) 265-7304,cdavid@example.net,3778 Fox Ridge Suite 187,Chicago,FL,USA,Basic,2025-05-14,Active,2025-10-12
MEM000009,Sherri,Smith,1947-05-02,F,(211) 896-2876,lopezebony@example.org,8861 Benson Drive Suite 809,Miami,CO,USA,Senior,2022-10-24,Inactive,2025-10-12
MEM000010,Robert,Chase,1983-01-10,M,(203) 939-5315,shawn78@example.net,8402 Jordan Radial,Miami,GA,USA,Basic,2024-07-06,Active,2025-10-12
MEM000011,Kimberly,Burgess,1991-02-07,F,(719) 823-4258,xmcdowell@example.org,8186 Monica Rapids Suite 088,Atlanta,CO,USA,Basic,2023-04-29,Active,2025-10-12
MEM000012,Lauren,Hernandez,1983-10-08,F,(200) 813-6310,dorothymitchell@example.org,04828 Carey Drive,Chicago,MA,USA,Premium,2024-10-03,Active,2025-10-12
MEM000013,Carolyn,Stone,2002-12-12,F,(445) 259-4946,marysteele@example.org,3957 Jason Route Suite 356,Miami,MA,USA,Student,2023-10-24,Inactive,2025-10-12
MEM000014,Joseph,Mcguire,2003-12-10,F,(984) 328-3103,aatkinson@example.org,4687 Wallace Place,Chicago,FL,USA,Student,2023-06-17,Active,2025-10-12
MEM000015,William,Hughes,2006-06-26,F,(752) 973-4295,amy21@example.org,40812 David Ford Apt. 403,Denver,IL,USA,Student,2025-06-01,Active,2025-10-12
MEM000016,Jessica,Lynch,1960-01-16,F,(323) 453-4681,stephenbrown@example.org,993 Reynolds Square,Boston,CO,USA,Senior,2025-06-03,Active,2025-10-12
MEM000017,Justin,Strickland,2006-02-23,M,(924) 846-1964,ruizwillie@example.net,387 Thomas Green,Atlanta,MA,USA,Student,2023-11-28,Active,2025-10-12
MEM000018,Pamela,Kennedy,1970-07-16,M,(885) 697-4510,plewis@example.com,2653 Judy Loaf Apt. 767,Miami,GA,USA,Family,2025-10-05,Active,2025-10-12
MEM000019,Jared,Medina,1981-08-28,M,(684) 616-4119,finleyangela@example.com,99151 Kathleen Island Suite 815,Boston,MA,USA,Family,2024-05-05,Active,2025-10-12
MEM000020,Adriana,Martin,1988-07-27,F,(255) 889-2612,turnermanuel@example.com,481 Sarah Drives,Boston,IL,USA,Basic,2023-04-03,Active,2025-10-12
MEM000021,Jennifer,Russell,1983-01-12,M,(749) 659-3296,elizabeth73@example.org,796 Andrews Junction,Chicago,GA,USA,Family,2023-03-26,Active,2025-10-12
MEM000022,James,Armstrong,1998-02-17,M,(763) 300-1828,schambers@example.net,916 Jessica Locks Apt. 894,Miami,MA,USA,Basic,2023-02-07,Inactive,2025-10-12
MEM000023,Gabrielle,Stephenson,1952-04-25,M,(697) 692-4502,larryle@example.com,8882 Williams Crossroad,Chicago,MA,USA,Basic,2023-10-27,Inactive,2025-10-12
MEM000024,Tiffany,Hernandez,2006-01-16,F,(665) 492-7930,lisarusso@example.com,65160 William Port Apt. 904,Miami,IL,USA,Student,2024-03-21,Active,2025-10-12
MEM000025,Charles,Monroe,2001-10-05,F,(755) 262-6138,shirley65@example.org,83360 Barker Underpass Apt. 463,Boston,MA,USA,Student,2023-03-22,Inactive,2025-10-12
MEM000026,Margaret,Aguilar,1987-06-22,M,(720) 282-4044,sjackson@example.org,009 Schmidt Ports,Boston,FL,USA,Premium,2023-09-12,Inactive,2025-10-12
MEM000027,Carol,Thompson,2000-04-23,F,(783) 452-1651,dalton76@example.org,424 Herring Summit Suite 664,Miami,MA,USA,Basic,2024-02-08,Active,2025-10-12
MEM000028,Elizabeth,Lynch,1996-07-17,F,(409) 885-6147,fisherwilliam@example.com,338 William Mountain Suite 462,Atlanta,CO,USA,Premium,2024-04-05,Active,2025-10-12
MEM000029,John,Edwards,1997-01-24,M,(969) 274-1152,dwilliams@example.com,91864 Shaw Shore Suite 770,Chicago,FL,USA,Premium,2022-12-26,Active,2025-10-12
MEM000030,Amy,Gilmore,1960-03-11,M,(471) 335-6718,coxtommy@example.org,994 Nelson Haven Apt. 252,Boston,GA,USA,Basic,2023-12-31,Active,2025-10-12
MEM000031,Daniel,Wade,1999-01-29,F,(826) 869-9666,rosschristopher@example.com,378 Wilson Radial,Boston,FL,USA,Basic,2025-04-06,Inactive,2025-10-12
MEM000032,Jennifer,Wells,1998-03-12,M,(318) 309-3546,danielkim@example.net,2108 Carpenter Neck Suite 602,Denver,CO,USA,Premium,2025-10-03,Inactive,2025-10-12
MEM000033,Sarah,Copeland,1977-01-12,F,(470) 717-9004,jacquelineferguson@example.com,1473 Johnson Causeway Apt. 623,Denver,MA,USA,Premium,2023-06-14,Active,2025-10-12
MEM000034,Don,Osborn,2004-09-28,M,(989) 333-5291,erin10@example.net,00914 Ellis Mountain,Atlanta,IL,USA,Student,2024-05-26,Active,2025-10-12
MEM000035,Amy,Smith,1985-08-17,M,(907) 352-9938,mccartyjoseph@example.org,99332 Paula Walks Apt. 838,Boston,CO,USA,Premium,2024-11-03,Active,2025-10-12
MEM000036,Jamie,Hines,1979-12-25,M,(240) 566-4441,robertboyd@example.com,530 Paige Station,Atlanta,MA,USA,Basic,2023-02-23,Active,2025-10-12
MEM000037,Thomas,Humphrey,1992-03-20,O,(967) 358-4878,iweiss@example.org,29964 Baker Motorway Suite 682,Atlanta,GA,USA,Premium,2023-08-10,Inactive,2025-10-12
MEM000038,Robert,Rhodes,1972-12-20,M,(621) 885-5065,kcarney@example.net,6937 Stephanie Views,Denver,GA,USA,Basic,2025-10-05,Active,2025-10-12
MEM000039,Bethany,Rios,1981-12-26,F,(427) 404-8541,ricky37@example.net,4817 Sarah Village Suite 234,Denver,CO,USA,Basic,2025-09-19,Active,2025-10-12
MEM000040,Scott,Ruiz,1970-01-26,F,(608) 536-5564,ronaldrodriguez@example.org,969 Brooks Extension,Boston,CO,USA,Family,2023-12-07,Active,2025-10-12
MEM000041,Lisa,Wright,1998-12-18,F,(539) 228-2889,silvayolanda@example.net,3530 Collins Parks,Denver,GA,USA,Premium,2024-07-01,Active,2025-10-12
MEM000042,April,Hernandez,1979-06-25,F,(553) 946-6139,erik46@example.org,90305 Matthew Oval,Chicago,FL,USA,Family,2023-03-26,Active,2025-10-12
MEM000043,Joshua,Mcdonald,1946-06-16,M,(245) 925-8144,tyler96@example.org,0249 Kevin Drive Suite 481,Boston,FL,USA,Senior,2024-10-22,Inactive,2025-10-12
MEM000044,Christopher,Schmidt,1972-08-13,F,(886) 401-6967,jesse80@example.com,1090 Laurie Shores Apt. 069,Chicago,MA,USA,Premium,2023-01-07,Active,2025-10-12
MEM000045,Cynthia,Saunders,1965-03-30,F,(327) 937-5920,jacksonjessica@example.net,78208 Simmons Flats,Miami,CO,USA,Family,2023-05-20,Active,2025-10-12
MEM000046,Lawrence,Allen,1981-08-15,F,(396) 630-7211,schang@example.org,04033 Ryan Forges,Atlanta,FL,USA,Basic,2024-10-04,Active,2025-10-12
MEM000047,Wanda,Suarez,1987-06-16,M,(415) 640-6279,quinnbrenda@example.com,417 Lang Knolls,Chicago,IL,USA,Premium,2024-02-01,Inactive,2025-10-12
MEM000048,Janice,Walker,1992-04-11,F,(953) 373-2389,alexandermichael@example.org,843 Brent Courts,Denver,FL,USA,Basic,2024-06-24,Active,2025-10-12
MEM000049,Shannon,Austin,1977-06-03,F,(440) 888-6085,fhays@example.net,6823 Susan Drive Apt. 613,Atlanta,GA,USA,Premium,2023-10-30,Active,2025-10-12
MEM000050,Robert,Novak,2007-07-14,F,(986) 274-8461,gregory75@example.com,949 Vazquez Pass Apt. 045,Chicago,FL,USA,Student,2024-06-14,Inactive,2025-10-12
MEM000051,Lisa,Davis,2005-06-18,M,(871) 904-1090,davidday@example.org,7183 Reyes Loop Apt. 484,Boston,IL,USA,Basic,2024-03-29,Active,2025-10-12
MEM000052,Linda,Cain,1998-09-03,F,(770) 455-2988,ematthews@example.org,294 Murray Islands,Chicago,GA,USA,Family,2025-04-22,Active,2025-10-12
MEM000053,Brittany,Leach,1969-03-28,F,(973) 653-9270,ismith@example.net,49133 Smith Fort,Chicago,FL,USA,Premium,2025-08-12,Inactive,2025-10-12
MEM000054,Crystal,Barnett,1994-05-12,F,(969) 453-5543,amartin@example.org,985 Phillip Hill Suite 255,Miami,IL,USA,Basic,2025-01-20,Inactive,2025-10-12
MEM000055,Stacy,Mahoney,1975-05-15,M,(478) 543-6238,kevin44@example.net,23213 Olson Junction Suite 956,Miami,MA,USA,Basic,2025-04-19,Active,2025-10-12
MEM000056,Victoria,Day,2002-05-17,F,(265) 624-7678,stevensalicia@example.org,33060 Ramirez Locks,Denver,FL,USA,Student,2023-03-29,Active,2025-10-12
MEM000057,Darin,Ferguson,1992-02-14,M,(988) 798-1320,yquinn@example.net,18350 Kimberly Roads Suite 634,Miami,IL,USA,Basic,2023-11-02,Inactive,2025-10-12
MEM000058,Dustin,Winters,1994-01-28,M,(629) 751-9947,danieldyer@example.com,4840 Tiffany Drive Suite 224,Miami,GA,USA,Family,2024-07-02,Active,2025-10-12
MEM000059,Evan,Jones,1991-01-24,M,(884) 895-7624,tiffanyboyd@example.org,833 Allen Mills Suite 138,Atlanta,IL,USA,Basic,2023-05-01,Active,2025-10-12
MEM000060,Leah,Hansen,1966-10-07,F,(806) 777-1444,washingtonholly@example.net,762 Joshua Loop Apt. 544,Boston,IL,USA,Family,2025-06-27,Active,2025-10-12
MEM000061,Rebecca,Moreno,2001-04-13,M,(416) 665-6355,christopher64@example.net,90387 Johnson Isle,Denver,IL,USA,Student,2025-06-09,Active,2025-10-12
MEM000062,Kathryn,Murphy,1990-03-07,F,(681) 219-9837,humphreyadam@example.net,9904 Sherry Mall Suite 225,Boston,CO,USA,Family,2025-04-07,Active,2025-10-12
MEM000063,William,Huynh,1994-10-12,M,(231) 453-4266,qshea@example.org,9609 Brown Freeway,Boston,FL,USA,Basic,2024-02-29,Inactive,2025-10-12
MEM000064,Robert,Roberts,2000-06-11,F,(423) 676-5198,troyhowell@example.com,906 Matthew Track,Denver,GA,USA,Student,2025-01-03,Active,2025-10-12
MEM000065,Bradley,Robbins,1986-03-20,F,(367) 518-2771,emalone@example.net,5985 Sean Neck Suite 749,Miami,MA,USA,Family,2024-02-12,Active,2025-10-12
MEM000066,Kristina,Chung,1972-07-04,M,(932) 403-2245,arellanojoseph@example.net,83820 Timothy Mill,Miami,GA,USA,Premium,2024-08-04,Inactive,2025-10-12
MEM000067,Victor,Smith,2007-06-01,F,(323) 779-1672,gilmorediane@example.net,633 Grimes Prairie,Denver,FL,USA,Basic,2025-08-12,Active,2025-10-12
MEM000068,Neil,Taylor,1990-10-06,M,(630) 701-2729,william60@example.net,86897 Jennifer Course Suite 353,Chicago,CO,USA,Basic,2023-08-22,Active,2025-10-12
MEM000069,Alice,Smith,1975-12-17,M,(951) 734-5425,madams@example.org,35340 Jennifer Knolls,Miami,FL,USA,Family,2024-07-29,Active,2025-10-12
MEM000070,David,Ramirez,1986-07-28,F,(530) 451-2419,mark45@example.org,457 Gonzalez Passage Suite 438,Denver,IL,USA,Premium,2022-11-28,Inactive,2025-10-12
MEM000071,Anthony,Cook,1998-08-18,M,(229) 706-6325,williamsmadeline@example.org,21270 Mendez Burgs,Atlanta,IL,USA,Premium,2023-06-24,Active,2025-10-12
MEM000072,Brenda,Phillips,1999-01-13,F,(918) 482-1166,jason55@example.net,2151 Robinson Plaza Apt. 920,Miami,GA,USA,Premium,2025-08-24,Active,2025-10-12
MEM000073,Jeremy,Sullivan,2001-06-21,F,(907) 687-9041,amoore@example.net,783 King Mountains Apt. 189,Chicago,MA,USA,Basic,2024-01-21,Active,2025-10-12
MEM000074,Michelle,Blackwell,2001-05-19,M,(795) 577-8753,zking@example.net,2909 Travis Squares Suite 661,Miami,FL,USA,Student,2025-10-10,Active,2025-10-12
MEM000075,Austin,Harris,1994-04-24,M,(664) 477-6023,watkinskelly@example.net,448 Valerie Extension Apt. 602,Denver,GA,USA,Family,2024-11-24,Active,2025-10-12
MEM000076,Bradley,Perez,2001-02-22,F,(980) 906-4033,walterfisher@example.net,14755 Brown Divide Suite 298,Atlanta,GA,USA,Student,2024-03-20,Active,2025-10-12
MEM000077,Christina,Davis,1982-03-01,F,(811) 489-2647,cynthiamcbride@example.net,0646 Stone Neck Suite 139,Atlanta,CO,USA,Basic,2025-02-02,Active,2025-10-12
MEM000078,Alejandro,Ho,1993-08-06,F,(480) 246-1893,zavalajean@example.org,05891 Scott Estates,Miami,CO,USA,Basic,2025-04-10,Active,2025-10-12
MEM000079,Jessica,Hernandez,1981-12-22,F,(212) 787-5658,johnsonjennifer@example.com,0351 Cheyenne Extension,Chicago,IL,USA,Basic,2023-06-08,Inactive,2025-10-12
MEM000080,Kyle,White,1993-03-25,F,(689) 316-2070,gregory29@example.net,507 Gabriella Shores,Chicago,IL,USA,Basic,2023-03-25,Active,2025-10-12
MEM000081,Andrea,Schwartz,2000-03-15,M,(776) 511-2395,ramoslaura@example.org,96912 Johnson Trace Apt. 296,Atlanta,MA,USA,Basic,2024-08-25,Active,2025-10-12
MEM000082,Mark,Hoffman,1988-10-14,F,(994) 735-7232,smithmark@example.com,917 Alan Groves,Chicago,IL,USA,Premium,2023-12-08,Active,2025-10-12
MEM000083,Samuel,Ward,1993-05-02,F,(261) 824-2625,michaelhensley@example.org,181 Johnson Walk Apt. 304,Atlanta,GA,USA,Premium,2024-01-25,Active,2025-10-12
MEM000084,Danielle,Barnes,1995-01-16,F,(360) 202-7693,wilsonkimberly@example.org,9407 Bradford Station Apt. 224,Chicago,FL,USA,Basic,2024-02-13,Active,2025-10-12
MEM000085,Patrick,Wise,1999-05-02,M,(664) 272-4824,ibarrera@example.org,653 Williams Road Apt. 137,Denver,FL,USA,Basic,2024-05-20,Active,2025-10-12
MEM000086,Lori,Nash,1988-08-20,F,(863) 352-5352,ynelson@example.net,095 Laura Union Suite 705,Atlanta,MA,USA,Family,2023-07-20,Active,2025-10-12
MEM000087,Marc,Stewart,2005-04-17,F,(495) 649-3037,campbellphillip@example.org,29987 Susan Row Suite 786,Chicago,CO,USA,Basic,2022-10-23,Active,2025-10-12
MEM000088,Cody,Jennings,1978-12-19,F,(282) 812-1653,joshuareyes@example.com,374 Casey Pine,Chicago,CO,USA,Family,2024-08-01,Active,2025-10-12
MEM000089,Zachary,Medina,1989-05-26,F,(789) 801-1339,terrence02@example.net,894 Carlson Ridges,Denver,FL,USA,Basic,2024-01-09,Active,2025-10-12
MEM000090,Pam,Everett,2001-04-21,F,(484) 385-8141,patrick65@example.net,458 Myers Flat Suite 998,Chicago,MA,USA,Basic,2024-11-26,Active,2025-10-12
MEM000091,Rebecca,Parker,1991-07-21,M,(364) 537-7744,justintorres@example.org,64062 Clark Flats Apt. 730,Chicago,CO,USA,Premium,2023-05-26,Active,2025-10-12
MEM000092,Rachel,Strong,1978-08-20,M,(290) 522-5135,garciascott@example.org,178 Adams Curve Suite 936,Denver,MA,USA,Premium,2024-11-03,Active,2025-10-12
MEM000093,Michael,Brooks,1954-11-11,O,(873) 755-8569,jamesmcgee@example.org,602 Morris Flat Apt. 785,Chicago,MA,USA,Senior,2025-04-29,Active,2025-10-12
MEM000094,Carrie,Lee,2002-05-17,F,(978) 252-4335,zimmermancraig@example.net,989 Torres Hill Suite 841,Denver,FL,USA,Student,2024-08-06,Active,2025-10-12
MEM000095,Joshua,Wu,2001-06-12,F,(229) 845-4920,timothytaylor@example.net,6018 Lindsey Expressway Apt. 658,Atlanta,CO,USA,Student,2025-04-22,Inactive,2025-10-12
MEM000096,Tracy,Lawrence,1988-07-17,O,(316) 672-2924,ortizjessica@example.com,424 Robinson Way Suite 785,Atlanta,IL,USA,Premium,2022-11-15,Active,2025-10-12
MEM000097,Benjamin,Nichols,1962-10-12,M,(694) 683-4993,jamesortiz@example.com,980 Kenneth Alley Apt. 680,Chicago,FL,USA,Basic,2023-02-09,Active,2025-10-12
MEM000098,James,Flores,2005-01-07,F,(339) 271-5526,vpowell@example.org,37552 Bennett Stream,Chicago,CO,USA,Student,2024-04-17,Active,2025-10-12
MEM000099,David,Martin,1959-10-24,M,(505) 801-9022,taylorjulie@example.com,989 Edwards Road Apt. 104,Atlanta,IL,USA,Premium,2025-07-30,Active,2025-10-12
MEM000100,Daniel,Davis,1992-12-08,F,(666) 529-4090,megan84@example.net,38362 Sanders Squares Suite 895,Atlanta,FL,USA,Basic,2024-11-04,Active,2025-10-12
MEM000101,Bradley,Glass,1992-07-10,M,(684) 922-7246,rebeccafuller@example.org,18917 Stewart Dam,Chicago,GA,USA,Family,2023-12-13,Active,2025-10-12
MEM000102,Mary,Santos,1990-12-11,F,(302) 650-2633,dennis48@example.org,325 Hannah Views,Miami,IL,USA,Basic,2024-09-03,Active,2025-10-12
MEM000103,Jerry,Myers,2005-01-02,F,(276) 680-5342,kevindiaz@example.com,9805 Kevin Trace,Denver,FL,USA,Student,2024-03-27,Inactive,2025-10-12
MEM000104,Sandra,Barrett,1977-07-31,F,(746) 589-6188,joshuagrimes@example.com,69440 Samantha Canyon,Chicago,FL,USA,Premium,2025-06-29,Inactive,2025-10-12
MEM000105,Eric,Morse,2003-06-21,F,(432) 964-2480,vestrada@example.org,036 Jackson Union,Chicago,MA,USA,Student,2025-03-16,Active,2025-10-12
MEM000106,Christopher,Wheeler,1979-05-31,M,(506) 229-1753,steven87@example.net,894 Ruiz Summit,Denver,MA,USA,Premium,2025-01-24,Active,2025-10-12
MEM000107,Noah,Oliver,1992-01-09,F,(779) 898-3950,sanchezjessica@example.net,2958 Richard Avenue,Atlanta,GA,USA,Basic,2023-02-12,Active,2025-10-12
MEM000108,Joshua,Richard,2002-05-25,M,(797) 346-4804,bwhite@example.net,6123 David Common Apt. 333,Chicago,CO,USA,Basic,2022-10-30,Active,2025-10-12
MEM000109,Sabrina,Miller,1997-10-28,F,(494) 893-9955,rsanders@example.org,04090 Annette Mission Apt. 346,Atlanta,MA,USA,Premium,2024-03-08,Inactive,2025-10-12
MEM000110,Anthony,Smith,1997-08-27,F,(634) 906-5097,mark73@example.org,4908 Mendoza Drive,Chicago,CO,USA,Basic,2022-12-28,Active,2025-10-12
MEM000111,Colleen,Page,2003-01-03,M,(785) 567-5847,awilkerson@example.net,4855 Flores Burgs,Denver,MA,USA,Student,2023-03-20,Active,2025-10-12
MEM000112,Meghan,Mendez,1960-01-18,F,(902) 996-1803,donna81@example.org,2514 Michael Isle Apt. 896,Miami,IL,USA,Senior,2022-10-22,Active,2025-10-12
MEM000113,Jessica,Berry,1974-05-27,M,(560) 424-4115,linda27@example.com,1781 Madison Road Suite 397,Miami,CO,USA,Family,2024-07-26,Active,2025-10-12
MEM000114,Cory,Dennis,1987-09-26,F,(843) 299-1645,nelsonnatalie@example.net,92970 William Springs Suite 900,Denver,IL,USA,Premium,2023-10-09,Active,2025-10-12
MEM000115,Teresa,Murphy,2003-01-29,F,(534) 965-7807,josephwilliams@example.org,355 Hanson Islands Suite 366,Atlanta,GA,USA,Student,2025-02-07,Active,2025-10-12
MEM000116,Suzanne,Newman,2006-02-12,F,(479) 368-5210,jeanscott@example.net,027 Cheyenne Gateway,Chicago,CO,USA,Student,2025-10-02,Inactive,2025-10-12
MEM000117,Justin,Bailey,1986-06-09,F,(344) 972-4696,michael50@example.net,7217 Linda Pike Apt. 985,Chicago,FL,USA,Basic,2024-08-11,Active,2025-10-12
MEM000118,Peter,Burns,1999-03-17,F,(665) 577-5295,hmercado@example.org,012 Davis View,Miami,IL,USA,Premium,2023-04-09,Active,2025-10-12
MEM000119,Gregory,Smith,1972-06-28,M,(225) 834-6374,orozcopamela@example.org,74200 Wheeler Stream,Miami,GA,USA,Family,2024-12-01,Active,2025-10-12
MEM000120,Nathan,Allison,1988-07-31,F,(864) 618-2911,whenderson@example.net,6774 Andrews Locks Suite 910,Atlanta,MA,USA,Premium,2022-11-23,Active,2025-10-12
MEM000121,Erica,Vaughn,1972-11-07,M,(750) 338-7367,johnwhite@example.com,1599 Obrien Row,Chicago,CO,USA,Basic,2025-07-24,Active,2025-10-12
MEM000122,Christina,Ellis,1988-02-13,M,(960) 944-3531,bethany89@example.com,2647 Glass Lights,Chicago,MA,USA,Premium,2025-07-04,Inactive,2025-10-12
MEM000123,Robert,Reyes,1966-04-01,M,(906) 579-4559,pmitchell@example.com,34306 Zachary Parkway Apt. 482,Chicago,IL,USA,Premium,2023-10-03,Inactive,2025-10-12
MEM000124,Laura,Washington,1952-08-14,F,(757) 860-6876,anewman@example.net,9828 Armstrong Alley Apt. 877,Boston,IL,USA,Basic,2025-02-21,Active,2025-10-12
MEM000125,Joseph,Woods,1995-04-20,F,(293) 878-4475,lisa58@example.net,02633 Brittany Harbor,Miami,MA,USA,Family,2024-12-09,Inactive,2025-10-12
MEM000126,Jonathan,Trevino,2000-10-18,F,(410) 270-4394,patriciabarton@example.com,91609 Park Corner,Miami,GA,USA,Student,2025-09-06,Inactive,2025-10-12
MEM000127,Jenny,Christensen,1967-06-17,F,(810) 202-5542,mirandacarrie@example.net,99190 Murphy Trace Apt. 670,Atlanta,GA,USA,Basic,2025-01-08,Active,2025-10-12
MEM000128,Kara,Sutton,1999-09-30,F,(334) 215-6869,tcannon@example.net,443 Justin Pines Suite 044,Atlanta,FL,USA,Premium,2025-05-01,Active,2025-10-12
MEM000129,Nicholas,Morris,1993-04-07,F,(738) 316-2041,smoody@example.org,51423 Jose Track,Chicago,IL,USA,Basic,2023-02-23,Active,2025-10-12
MEM000130,James,Torres,1976-11-25,F,(829) 244-9543,susangriffin@example.net,497 Bates Isle Suite 287,Denver,IL,USA,Premium,2023-05-27,Active,2025-10-12
MEM000131,Robin,Brown,1986-01-27,F,(636) 902-2768,martinsamantha@example.com,31685 Juarez Mills,Chicago,IL,USA,Basic,2023-05-04,Inactive,2025-10-12
MEM000132,Kayla,Hall,2002-06-12,M,(481) 839-9984,umartin@example.org,264 Hooper Plains,Denver,IL,USA,Student,2023-10-15,Active,2025-10-12
MEM000133,Derek,Brown,1958-03-01,F,(301) 918-2874,yhowell@example.com,500 Robert Mountains Suite 492,Miami,GA,USA,Senior,2023-04-17,Active,2025-10-12
MEM000134,Joshua,Dean,1999-02-17,F,(608) 625-2557,samantha95@example.org,2666 Curtis Loop Apt. 442,Denver,IL,USA,Family,2025-08-09,Active,2025-10-12
MEM000135,Francis,Griffin,1991-05-08,F,(685) 268-2494,phillipskristi@example.org,51495 Smith Park,Boston,MA,USA,Basic,2024-10-05,Inactive,2025-10-12
MEM000136,Elizabeth,Yoder,1994-11-14,M,(261) 800-6400,kaylajones@example.com,863 Kidd Burg Apt. 275,Boston,IL,USA,Premium,2025-02-18,Active,2025-10-12
MEM000137,David,Chambers,1994-02-25,F,(938) 252-5712,igentry@example.org,10311 Jennifer Port Suite 367,Miami,CO,USA,Premium,2022-12-12,Active,2025-10-12
MEM000138,Leon,Fowler,1999-02-23,F,(429) 310-6736,michelestewart@example.org,3478 Sara Estate,Miami,CO,USA,Premium,2025-05-07,Active,2025-10-12
MEM000139,Alison,Ingram,2007-05-28,M,(774) 985-1430,nicholas60@example.com,5629 Henry Path Apt. 763,Miami,CO,USA,Student,2024-08-04,Active,2025-10-12
MEM000140,Sarah,Reid,2004-02-17,F,(559) 206-3972,tmontgomery@example.com,488 William Vista,Atlanta,FL,USA,Student,2023-07-03,Active,2025-10-12
MEM000141,Allison,Miller,1977-11-26,O,(293) 964-9691,middletoncharlotte@example.net,5723 Amy Bypass,Atlanta,IL,USA,Basic,2024-08-16,Active,2025-10-12
MEM000142,Samantha,Alvarado,1994-12-21,F,(995) 781-2391,gonzalezjames@example.com,964 Silva View Suite 046,Boston,GA,USA,Basic,2024-04-14,Active,2025-10-12
MEM000143,Douglas,Miller,2001-07-30,M,(877) 634-8957,shannonmccann@example.net,2838 Adam Parks Suite 608,Miami,IL,USA,Basic,2025-08-07,Active,2025-10-12
MEM000144,Cody,Sanders,1993-06-24,M,(313) 490-8972,eric86@example.com,832 Herrera Views Suite 078,Miami,CO,USA,Basic,2025-07-03,Active,2025-10-12
MEM000145,John,Caldwell,2006-10-21,M,(508) 416-3248,denniscastro@example.org,4350 Valerie Coves,Denver,CO,USA,Student,2023-04-29,Active,2025-10-12
MEM000146,Daniel,Campos,1992-01-19,M,(589) 745-4770,richard64@example.com,4984 Lam Junctions Suite 332,Miami,FL,USA,Basic,2023-09-19,Active,2025-10-12
MEM000147,Karen,Mcdonald,1974-05-12,F,(243) 646-1307,scruz@example.net,36410 Joshua Walk Suite 693,Chicago,MA,USA,Family,2024-03-13,Active,2025-10-12
MEM000148,Steven,Wilson,1974-08-10,F,(627) 496-2887,richardweber@example.net,8494 Corey Street Apt. 010,Chicago,MA,USA,Premium,2023-08-01,Active,2025-10-12
MEM000149,Kelly,Martinez,1958-08-22,F,(906) 570-2443,davidscott@example.net,541 Jordan Ford Suite 623,Chicago,MA,USA,Senior,2024-10-24,Inactive,2025-10-12
MEM000150,Olivia,Fletcher,1992-04-14,M,(517) 963-6562,connieruiz@example.net,75172 Smith Fall Apt. 844,Atlanta,CO,USA,Premium,2024-03-26,Active,2025-10-12
MEM000151,Gina,Gilmore,1986-02-08,F,(398) 994-6724,xwilliams@example.net,0057 Mathis Hollow Suite 381,Denver,GA,USA,Basic,2025-05-21,Active,2025-10-12
MEM000152,Natalie,Turner,1993-04-11,F,(978) 977-2234,ybooker@example.com,80826 Brianna Lane,Atlanta,IL,USA,Basic,2023-05-06,Active,2025-10-12
MEM000153,Ronald,Williams,1994-03-23,F,(778) 858-6295,amytorres@example.org,346 Kelley Crescent,Denver,GA,USA,Premium,2023-11-30,Active,2025-10-12
MEM000154,Travis,Jones,1991-03-14,F,(805) 257-6766,andrew72@example.org,4310 Glenn Throughway Apt. 870,Miami,MA,USA,Premium,2023-12-24,Active,2025-10-12
MEM000155,Caroline,Watts,1994-07-19,F,(278) 860-2479,carlsonjennifer@example.org,599 Hart Vista Apt. 438,Miami,FL,USA,Premium,2024-12-29,Active,2025-10-12
MEM000156,Michele,Durham,1992-05-02,F,(242) 660-4084,riveramorgan@example.net,677 Bridget Plaza,Denver,FL,USA,Premium,2024-09-29,Active,2025-10-12
MEM000157,Bailey,Walker,1998-04-20,M,(551) 931-2381,pmathews@example.com,0472 Johnson Place Apt. 789,Miami,GA,USA,Basic,2025-09-04,Active,2025-10-12
MEM000158,Joseph,Armstrong,2002-10-26,F,(824) 362-6962,shermantara@example.net,3811 Hector Canyon,Denver,CO,USA,Basic,2025-04-14,Inactive,2025-10-12
MEM000159,Hannah,Wilson,1991-12-13,M,(846) 862-6482,hannah32@example.org,01374 Briggs Brook Suite 706,Boston,CO,USA,Premium,2025-05-06,Active,2025-10-12
MEM000160,Cameron,Brown,2001-12-22,F,(872) 817-3463,gregoryhowell@example.com,387 Kristen Stream Suite 282,Denver,MA,USA,Basic,2024-12-23,Active,2025-10-12
MEM000161,Kelly,Cooper,1978-07-05,F,(915) 878-7421,jesse31@example.net,4711 Richard Shoal Apt. 331,Atlanta,FL,USA,Basic,2023-08-03,Active,2025-10-12
MEM000162,Chad,Powell,1987-04-26,F,(536) 330-9624,kristy75@example.org,92582 Rivera Rapid,Boston,IL,USA,Basic,2025-03-19,Active,2025-10-12
MEM000163,Veronica,Shannon,1995-03-17,F,(549) 984-8967,taylor26@example.net,88245 Ryan Forks,Atlanta,GA,USA,Basic,2024-09-11,Active,2025-10-12
MEM000164,Mark,Brandt,1956-08-11,F,(719) 989-9843,kduffy@example.com,67341 Pineda Prairie Suite 238,Miami,MA,USA,Senior,2023-04-06,Active,2025-10-12
MEM000165,Jeffrey,Taylor,1975-09-01,F,(357) 366-3962,gblanchard@example.org,34357 Lamb Prairie,Miami,GA,USA,Family,2024-07-28,Active,2025-10-12
MEM000166,James,Green,1975-12-15,F,(654) 825-5668,toddgardner@example.org,78735 Armstrong Burgs Suite 618,Chicago,GA,USA,Basic,2024-03-04,Active,2025-10-12
MEM000167,Melissa,Adkins,1995-05-02,F,(398) 576-8218,kimberly86@example.org,64807 Guerra Forest Apt. 712,Chicago,CO,USA,Basic,2023-04-27,Inactive,2025-10-12
MEM000168,Edward,Diaz,1983-08-31,M,(404) 819-3267,evelynwilliams@example.org,455 Thomas Lane,Denver,MA,USA,Premium,2024-11-12,Active,2025-10-12
MEM000169,Stephanie,Jefferson,1976-05-07,M,(728) 327-5670,jhouse@example.net,296 West Rest,Boston,GA,USA,Family,2024-06-17,Active,2025-10-12
MEM000170,Maureen,Hernandez,1993-11-02,M,(427) 661-6727,jonathancarr@example.net,41086 Wilkinson Vista Suite 932,Boston,IL,USA,Family,2025-08-17,Active,2025-10-12
MEM000171,Tammy,Reyes,2006-01-11,O,(583) 429-1461,rodgerssean@example.net,577 James Spur Apt. 278,Denver,MA,USA,Student,2023-11-07,Active,2025-10-12
MEM000172,Monica,Thompson,1974-05-03,M,(493) 683-3273,seth51@example.net,16559 Daniels Manors Apt. 659,Chicago,IL,USA,Premium,2023-12-10,Active,2025-10-12
MEM000173,Michael,Durham,1985-02-27,M,(353) 761-9647,jessicaduncan@example.net,22211 Stacey Estate Apt. 747,Chicago,MA,USA,Family,2023-07-24,Active,2025-10-12
MEM000174,Diamond,Lozano,1981-09-06,M,(854) 837-8489,psanchez@example.net,5987 Smith Shoals,Boston,MA,USA,Basic,2024-07-09,Active,2025-10-12
MEM000175,Craig,Butler,1966-09-23,F,(788) 447-3352,jeffjones@example.com,63914 Bradley Light,Denver,IL,USA,Premium,2023-05-11,Active,2025-10-12
MEM000176,Billy,Mayo,2001-12-14,M,(884) 287-9576,hunternicole@example.com,3104 Cannon Stream Suite 685,Denver,MA,USA,Student,2025-03-27,Active,2025-10-12
MEM000177,Rhonda,Torres,1956-02-25,F,(220) 599-8702,hernandezrobert@example.com,1961 King Oval Apt. 947,Boston,IL,USA,Senior,2023-08-11,Active,2025-10-12
MEM000178,Michael,Williams,1951-03-19,F,(553) 446-2698,holdenjohn@example.net,656 Green Course,Miami,CO,USA,Senior,2025-03-13,Active,2025-10-12
MEM000179,Joshua,Jones,1999-12-24,F,(997) 901-8612,nicholas50@example.com,035 Nguyen Rest Suite 888,Chicago,GA,USA,Student,2022-11-11,Active,2025-10-12
MEM000180,Christy,Robinson,1972-07-21,F,(500) 406-1717,anneanderson@example.net,336 Alvarez Way,Atlanta,MA,USA,Basic,2023-08-02,Active,2025-10-12
MEM000181,Derrick,Cox,1995-04-20,F,(684) 459-1599,christophernorman@example.com,969 Patricia Shoal,Atlanta,CO,USA,Basic,2023-11-30,Active,2025-10-12
MEM000182,Jesse,Riley,1993-02-15,M,(327) 576-8159,ahendrix@example.net,609 Walter Plaza,Chicago,IL,USA,Premium,2024-06-12,Inactive,2025-10-12
MEM000183,Katrina,Turner,1971-10-15,F,(709) 576-9507,martinezmary@example.net,5011 Caitlin Fields Apt. 177,Denver,MA,USA,Basic,2025-08-30,Inactive,2025-10-12
MEM000184,Ronald,Duncan,1974-10-29,F,(758) 500-6262,morgan25@example.org,78651 Boyer Course Suite 177,Boston,MA,USA,Basic,2025-01-10,Active,2025-10-12
MEM000185,Vincent,Taylor,1996-09-13,F,(370) 906-8272,linda99@example.org,07970 White Extensions,Denver,IL,USA,Basic,2025-01-30,Active,2025-10-12
MEM000186,Daniel,Larsen,2000-11-09,O,(481) 854-1939,colemandavid@example.org,76107 Cole Forge Apt. 792,Boston,IL,USA,Basic,2025-09-10,Active,2025-10-12
MEM000187,Keith,Crosby,1989-11-23,F,(346) 822-8179,hkeith@example.net,1750 Yates Way Apt. 443,Boston,GA,USA,Family,2024-03-05,Active,2025-10-12
MEM000188,Tammy,Goodwin,2006-03-09,M,(780) 233-3513,duanegarcia@example.net,00519 Powell Tunnel,Chicago,CO,USA,Basic,2024-02-08,Active,2025-10-12
MEM000189,Patrick,Roberts,1994-10-06,F,(607) 521-5566,mcdanielmatthew@example.com,110 Victoria Junctions,Atlanta,MA,USA,Premium,2024-03-20,Active,2025-10-12
MEM000190,Richard,Guzman,2001-03-05,F,(320) 468-5264,troy30@example.org,6710 Townsend Station,Chicago,GA,USA,Student,2024-07-26,Active,2025-10-12
MEM000191,Lauren,Stephens,1945-05-23,F,(325) 338-2213,deandillon@example.net,0264 Richard Divide,Chicago,GA,USA,Senior,2023-12-12,Inactive,2025-10-12
MEM000192,Sheryl,Camacho,1964-09-21,F,(527) 883-6692,michaelduncan@example.com,868 Harmon Field Apt. 695,Boston,FL,USA,Premium,2024-02-12,Active,2025-10-12
MEM000193,Joshua,Barnett,1996-12-29,F,(917) 853-3852,johnsonjason@example.com,5660 Hart Rest,Denver,FL,USA,Family,2023-03-27,Inactive,2025-10-12
MEM000194,Christopher,Houston,1997-11-09,M,(705) 226-6912,vcrosby@example.org,136 Lisa Streets Suite 854,Miami,FL,USA,Family,2023-12-23,Active,2025-10-12
MEM000195,Amy,Sandoval,1991-12-07,F,(288) 267-6067,tboyd@example.com,901 Angela Orchard,Chicago,IL,USA,Family,2023-07-24,Active,2025-10-12
MEM000196,Charles,Hernandez,1991-07-09,M,(524) 857-2215,elizabeth39@example.org,83581 Foster Turnpike,Chicago,IL,USA,Premium,2022-11-11,Inactive,2025-10-12
MEM000197,Angela,West,1977-04-22,F,(855) 801-3981,uharris@example.org,3351 Cox Forks,Atlanta,IL,USA,Basic,2024-09-25,Inactive,2025-10-12
MEM000198,Nichole,Reyes,1994-01-25,F,(511) 368-3653,pearsonrandall@example.net,2220 Cruz Rue Suite 634,Denver,GA,USA,Family,2025-04-22,Inactive,2025-10-12
MEM000199,Patrick,Nichols,1991-07-07,F,(456) 401-5496,qaustin@example.org,5072 Johnson Pine,Atlanta,CO,USA,Family,2025-07-31,Active,2025-10-12
MEM000200,Andrea,Booth,1987-06-21,F,(794) 357-3804,charles77@example.org,2863 Robert Views,Miami,FL,USA,Basic,2025-09-11,Active,2025-10-12
MEM000201,Suzanne,Smith,1998-04-25,F,(283) 246-5336,efernandez@example.org,97874 Herman Corners Suite 003,Atlanta,FL,USA,Family,2025-01-14,Active,2025-10-12
MEM000202,Brent,James,1997-06-04,F,(496) 857-5949,dschultz@example.net,48392 Joshua Corner,Chicago,GA,USA,Premium,2023-04-24,Active,2025-10-12
MEM000203,Heather,Harris,1969-06-12,M,(261) 361-8202,guerrerokathryn@example.net,0564 Thomas Course Suite 386,Chicago,IL,USA,Premium,2024-09-05,Active,2025-10-12
MEM000204,Angela,Martinez,1991-12-19,F,(526) 951-6658,katie08@example.org,00136 Sanchez Glens,Chicago,GA,USA,Basic,2024-12-27,Active,2025-10-12
MEM000205,Maria,Francis,1975-05-23,M,(325) 473-8366,phillipsalexa@example.net,521 Sanders Plains Apt. 916,Atlanta,GA,USA,Premium,2023-04-16,Active,2025-10-12
MEM000206,Amanda,Silva,2004-11-17,F,(454) 363-6364,heatherwhite@example.com,27748 Barker Springs,Miami,CO,USA,Student,2024-06-03,Active,2025-10-12
MEM000207,Linda,Kline,2003-01-08,F,(515) 709-1379,jennifer31@example.com,013 James Cliffs Apt. 588,Boston,IL,USA,Student,2024-05-23,Inactive,2025-10-12
MEM000208,Gary,Guzman,1993-12-26,M,(251) 488-9108,toni74@example.net,24787 Bobby Junction,Miami,IL,USA,Family,2025-07-17,Active,2025-10-12
MEM000209,Samantha,Snyder,1999-02-09,M,(470) 944-6992,harrispatrick@example.net,962 Watts Estate,Chicago,CO,USA,Basic,2025-06-13,Active,2025-10-12
MEM000210,Stacy,Ingram,2007-10-01,M,(495) 275-7329,ibailey@example.org,028 Micheal Village Apt. 365,Miami,IL,USA,Student,2024-02-23,Active,2025-10-12
MEM000211,Jessica,Sullivan,1987-05-17,F,(321) 331-2584,jacob37@example.net,14189 Taylor Trail Apt. 036,Chicago,CO,USA,Basic,2024-03-24,Inactive,2025-10-12
MEM000212,Robert,Reed,1989-01-16,F,(403) 816-9341,xfernandez@example.com,843 Hernandez Estate Apt. 390,Chicago,FL,USA,Basic,2024-12-21,Inactive,2025-10-12
MEM000213,Jorge,Kim,2004-10-09,F,(731) 667-3440,lallen@example.org,87288 Hill Drive,Miami,FL,USA,Student,2025-10-06,Active,2025-10-12
MEM000214,Lori,Rios,2006-02-02,M,(831) 957-5902,carolyn98@example.org,55897 Kristi Stream,Miami,CO,USA,Basic,2024-03-09,Active,2025-10-12
MEM000215,Todd,Graham,1991-01-13,F,(686) 217-7035,markbailey@example.net,772 Kelly Circles,Denver,MA,USA,Premium,2024-09-01,Active,2025-10-12
MEM000216,Deanna,Gray,1950-10-21,F,(904) 844-1436,stacyrasmussen@example.org,34449 Samantha Road,Miami,IL,USA,Senior,2024-09-30,Active,2025-10-12
MEM000217,Kristina,Carrillo,1994-10-01,F,(433) 938-1841,kimjohnson@example.com,869 Daniel Mall,Miami,IL,USA,Premium,2024-08-01,Inactive,2025-10-12
MEM000218,Michael,Moore,2002-03-12,F,(351) 897-4968,alucero@example.org,3754 Lewis Crescent Suite 266,Boston,FL,USA,Basic,2024-11-10,Active,2025-10-12
MEM000219,Holly,Best,1969-01-08,M,(355) 622-4340,qhensley@example.org,07686 Derek Shoal,Chicago,FL,USA,Basic,2024-06-20,Active,2025-10-12
MEM000220,Michael,Chambers,1982-01-11,F,(263) 922-3262,breannaturner@example.com,3559 Patricia Mountains,Miami,GA,USA,Family,2023-06-30,Inactive,2025-10-12
MEM000221,Justin,Willis,1987-10-20,M,(377) 670-9734,kayla53@example.com,6920 Morris Tunnel,Denver,FL,USA,Family,2022-12-18,Active,2025-10-12
MEM000222,Whitney,Gonzales,1992-07-07,F,(909) 470-8932,amandaevans@example.org,0719 Wendy Orchard,Atlanta,GA,USA,Premium,2024-05-06,Active,2025-10-12
MEM000223,Megan,Davis,1991-08-20,O,(989) 495-4396,hcruz@example.net,74659 Johnson Branch Apt. 843,Chicago,CO,USA,Basic,2023-05-06,Inactive,2025-10-12
MEM000224,Matthew,Powell,1994-07-12,F,(494) 324-9899,michaelwaller@example.com,500 Whitney Creek,Chicago,IL,USA,Premium,2023-07-22,Inactive,2025-10-12
MEM000225,Tiffany,Alvarez,1964-07-05,M,(494) 931-2294,frostdanny@example.net,2722 Jared Motorway Apt. 427,Denver,IL,USA,Family,2025-06-16,Inactive,2025-10-12
MEM000226,Elizabeth,Ryan,1985-10-05,F,(477) 775-5450,joneslinda@example.net,3289 Paul Place,Atlanta,MA,USA,Premium,2025-07-15,Active,2025-10-12
MEM000227,Jennifer,Moreno,1986-03-05,F,(743) 431-4814,zholt@example.net,1638 Contreras Motorway,Boston,MA,USA,Premium,2024-12-25,Active,2025-10-12
MEM000228,Jesus,Graham,1991-06-14,F,(205) 763-3587,maria82@example.com,052 Osborne Bridge Suite 254,Chicago,IL,USA,Premium,2023-10-12,Active,2025-10-12
MEM000229,Mary,Wilson,1991-03-08,M,(861) 260-2465,ryan66@example.com,192 Brent Ferry,Miami,GA,USA,Basic,2023-07-15,Inactive,2025-10-12
MEM000230,Robin,Wood,1992-01-04,F,(379) 627-3880,thomasbeth@example.com,5640 Beck Harbors,Boston,IL,USA,Premium,2024-12-28,Inactive,2025-10-12
MEM000231,Joshua,Johnson,1987-11-28,F,(496) 238-1151,santiagomelissa@example.org,203 Merritt Garden,Denver,FL,USA,Basic,2023-09-26,Active,2025-10-12
MEM000232,Justin,Fields,1987-01-02,F,(856) 756-9590,amandamiller@example.net,1671 Stewart Island,Chicago,GA,USA,Family,2024-05-02,Active,2025-10-12
MEM000233,Holly,Weaver,1965-03-12,M,(366) 948-8518,tammygreen@example.net,00894 Terry Streets Suite 427,Denver,GA,USA,Premium,2024-04-01,Active,2025-10-12
MEM000234,Maria,Lynn,2004-09-14,F,(397) 379-7643,thomashood@example.net,3850 Rodgers Corner Apt. 390,Chicago,FL,USA,Student,2023-07-18,Active,2025-10-12
MEM000235,Derrick,Leon,1992-07-13,O,(688) 531-5064,hbarnes@example.org,61730 Miller Tunnel Apt. 410,Boston,CO,USA,Premium,2023-12-29,Active,2025-10-12
MEM000236,Amanda,Salazar,1998-02-20,M,(796) 940-1187,tcooper@example.net,900 Danielle Curve Apt. 784,Denver,CO,USA,Premium,2022-11-08,Active,2025-10-12
MEM000237,Maxwell,Johnson,1976-03-10,M,(615) 902-9233,privera@example.com,46611 Atkins Common Suite 703,Denver,MA,USA,Basic,2024-09-13,Active,2025-10-12
MEM000238,Deborah,Price,1978-01-25,M,(336) 689-3509,hopkinsjeffrey@example.net,9349 Allen Junctions,Chicago,FL,USA,Family,2023-01-21,Active,2025-10-12
MEM000239,Zachary,Ryan,1997-12-07,F,(880) 423-5054,dandrews@example.org,122 Harmon Estate Suite 255,Miami,MA,USA,Premium,2023-05-23,Inactive,2025-10-12
MEM000240,Misty,Reid,1995-05-13,F,(314) 263-9972,palmermichelle@example.net,16005 Daniel Drive,Miami,GA,USA,Premium,2024-10-26,Active,2025-10-12
MEM000241,Thomas,Powers,1982-09-02,F,(319) 896-4365,zcarroll@example.net,767 Christian Stream,Miami,IL,USA,Basic,2024-07-24,Active,2025-10-12
MEM000242,Christina,Rangel,2000-11-30,F,(725) 625-8484,jeff63@example.com,0362 Mark Turnpike Apt. 406,Miami,MA,USA,Student,2023-04-18,Inactive,2025-10-12
MEM000243,Jonathan,Leon,1988-10-19,M,(460) 203-4570,butlertroy@example.org,7408 John Shores,Miami,MA,USA,Premium,2025-01-10,Active,2025-10-12
MEM000244,Rebecca,Cooke,2002-03-15,O,(270) 683-1519,montgomeryaudrey@example.com,30087 Barrera Corners,Denver,IL,USA,Student,2022-12-23,Active,2025-10-12
MEM000245,Brandi,Shelton,2001-11-22,F,(630) 583-7266,swright@example.org,7719 Patterson Viaduct Apt. 883,Chicago,IL,USA,Student,2023-04-22,Active,2025-10-12
MEM000246,Christina,Johnson,1996-10-28,F,(869) 556-2943,samantha70@example.net,08425 Rachel Meadows Apt. 967,Atlanta,FL,USA,Premium,2025-08-26,Active,2025-10-12
MEM000247,Julie,Bowman,1997-10-29,F,(974) 223-5888,christopher20@example.org,029 Peter Freeway Apt. 738,Chicago,FL,USA,Basic,2024-12-15,Inactive,2025-10-12
MEM000248,Richard,Watkins,1991-04-23,F,(358) 482-4088,nathanielbrock@example.net,9933 Morrison Port,Boston,MA,USA,Basic,2023-04-13,Active,2025-10-12
MEM000249,Thomas,Hansen,1966-09-01,F,(216) 446-4376,sean22@example.com,2103 Patricia Dale,Boston,MA,USA,Premium,2025-02-18,Active,2025-10-12
MEM000250,Christopher,Wagner,1985-08-01,F,(450) 958-1724,csloan@example.net,622 Amanda Loaf Suite 628,Chicago,IL,USA,Premium,2024-07-29,Active,2025-10-12
MEM000251,Jennifer,Sampson,1997-08-18,M,(715) 496-4836,mcdonaldjesse@example.com,2250 Martinez Stravenue Apt. 311,Miami,CO,USA,Basic,2025-06-11,Inactive,2025-10-12
MEM000252,Robert,Garcia,1974-10-31,M,(346) 876-9540,nathanielprice@example.com,2172 Tonya Turnpike,Atlanta,IL,USA,Premium,2023-09-02,Inactive,2025-10-12
MEM000253,Martha,Obrien,1991-08-30,F,(379) 841-7999,robertlynn@example.org,0702 Michelle Centers,Miami,IL,USA,Basic,2023-09-16,Inactive,2025-10-12
MEM000254,Charles,Thompson,2004-11-06,M,(737) 526-7821,matthew82@example.org,0021 Craig Skyway,Chicago,GA,USA,Student,2024-09-01,Active,2025-10-12
MEM000255,Traci,Gibbs,1993-05-09,M,(430) 507-3365,doris87@example.org,9748 Moyer Street Apt. 373,Chicago,MA,USA,Basic,2025-07-21,Active,2025-10-12
MEM000256,Taylor,Smith,1980-06-05,M,(448) 461-4331,donaldbranch@example.net,708 Russell Landing,Denver,MA,USA,Family,2023-06-17,Active,2025-10-12
MEM000257,Robert,Lyons,1966-09-30,F,(395) 252-5398,vcampbell@example.com,6070 Katie Plains Apt. 229,Chicago,FL,USA,Family,2024-04-08,Active,2025-10-12
MEM000258,Jason,Tran,1989-04-08,F,(941) 887-4555,aliceruiz@example.net,2708 Carla Square Apt. 875,Chicago,GA,USA,Family,2023-09-14,Active,2025-10-12
MEM000259,Julia,Gallegos,1968-02-25,M,(394) 959-2922,edwardbradley@example.org,3802 Sanders Fords Apt. 224,Chicago,GA,USA,Basic,2025-03-07,Inactive,2025-10-12
MEM000260,Michael,Garcia,1983-04-22,M,(529) 994-5637,rsmith@example.com,69970 Roger Hollow Apt. 839,Chicago,IL,USA,Premium,2023-01-24,Active,2025-10-12
MEM000261,Brandon,Whitehead,1996-02-20,F,(709) 677-2615,shellyhall@example.org,721 Garcia Knolls Suite 134,Chicago,CO,USA,Basic,2024-12-19,Active,2025-10-12
MEM000262,Steven,Black,1974-09-20,F,(426) 959-3390,jessicamills@example.com,448 James Field Apt. 835,Boston,CO,USA,Basic,2025-08-26,Active,2025-10-12
MEM000263,Joshua,Henry,1988-06-09,M,(400) 537-4768,james30@example.net,446 Isaiah Square,Chicago,FL,USA,Premium,2024-01-19,Active,2025-10-12
MEM000264,Christina,Medina,1973-11-19,F,(463) 981-9005,joshuanguyen@example.net,0321 Anna Run,Chicago,IL,USA,Premium,2025-07-24,Active,2025-10-12
MEM000265,Sharon,Pope,2004-12-14,F,(700) 388-9882,vjohnson@example.net,347 Hurley Vista,Boston,FL,USA,Basic,2022-12-01,Active,2025-10-12
MEM000266,Morgan,Howell,2006-08-17,F,(982) 206-7756,brooke05@example.net,700 Paula Island Apt. 258,Atlanta,GA,USA,Basic,2023-12-04,Inactive,2025-10-12
MEM000267,Joanna,Henderson,2003-11-04,F,(261) 832-8916,paula13@example.com,988 Wendy Hills,Chicago,MA,USA,Student,2023-02-03,Active,2025-10-12
MEM000268,Perry,Powell,2007-04-16,F,(481) 748-5697,lsmith@example.net,3344 Erika Meadow,Boston,FL,USA,Student,2024-08-15,Active,2025-10-12
MEM000269,Jeffrey,Caldwell,1964-05-02,F,(309) 298-9591,wpowers@example.com,862 Mendoza Trail Apt. 980,Atlanta,GA,USA,Premium,2025-06-29,Inactive,2025-10-12
MEM000270,Theresa,Lopez,2000-12-09,M,(606) 280-7112,carterjennifer@example.net,903 Rebecca Vista Suite 107,Chicago,IL,USA,Student,2025-07-19,Active,2025-10-12
MEM000271,John,Lewis,1987-11-29,F,(282) 869-1519,uhenderson@example.com,143 Tamara Drive,Boston,IL,USA,Family,2023-06-15,Active,2025-10-12
MEM000272,Jennifer,Gonzalez,1994-11-06,M,(375) 284-9189,javier28@example.com,7309 Jeffrey Avenue,Chicago,CO,USA,Premium,2024-06-10,Active,2025-10-12
MEM000273,Sean,Anthony,1983-12-30,F,(243) 435-4463,brownkathleen@example.com,4246 Cindy Ramp Suite 643,Miami,IL,USA,Family,2025-04-07,Active,2025-10-12
MEM000274,Melissa,Sanders,1995-11-27,M,(756) 777-1539,shannonbrown@example.net,10608 Hill Forest,Atlanta,CO,USA,Family,2024-08-09,Active,2025-10-12
MEM000275,Jocelyn,Leon,2000-02-28,F,(607) 278-5903,robert14@example.com,96077 Tammy Road,Atlanta,FL,USA,Student,2023-05-09,Active,2025-10-12
MEM000276,Brian,Lucas,1998-05-20,F,(539) 593-3292,heather57@example.com,438 Arnold Greens,Boston,FL,USA,Family,2024-04-19,Active,2025-10-12
MEM000277,David,Cain,1981-05-29,M,(277) 548-7499,qpotter@example.com,8193 James Mills,Denver,MA,USA,Basic,2023-12-05,Active,2025-10-12
MEM000278,Sara,Jordan,1986-10-08,M,(766) 584-8075,gclark@example.com,378 Sellers Mountain,Atlanta,FL,USA,Premium,2025-03-27,Active,2025-10-12
MEM000279,Earl,Booth,1977-07-13,F,(930) 275-2344,raymondbell@example.com,3888 Adams Points Suite 146,Denver,GA,USA,Basic,2025-03-07,Active,2025-10-12
MEM000280,Richard,Stewart,1994-07-16,M,(569) 309-2499,ktorres@example.org,2668 Richmond Union,Boston,CO,USA,Premium,2024-09-29,Active,2025-10-12
MEM000281,Julie,Davis,1994-08-31,M,(641) 659-9395,stonelydia@example.org,69774 Charlotte Lodge Apt. 664,Chicago,MA,USA,Premium,2025-07-13,Active,2025-10-12
MEM000282,David,Fields,2004-12-05,F,(532) 594-1202,kristinmcmahon@example.com,606 Matthew Rapid,Denver,IL,USA,Student,2022-11-21,Active,2025-10-12
MEM000283,Brett,Johnson,1993-10-14,F,(448) 785-9537,nmathews@example.net,977 Robbins Wells Apt. 576,Atlanta,IL,USA,Basic,2024-08-04,Inactive,2025-10-12
MEM000284,Lori,Fisher,1999-10-27,M,(371) 645-5521,kevinstone@example.net,368 Orr Curve,Chicago,CO,USA,Student,2025-07-28,Active,2025-10-12
MEM000285,William,Lee,1990-01-23,M,(840) 707-4203,simoncynthia@example.org,2741 Vanessa Terrace,Chicago,MA,USA,Basic,2025-03-01,Active,2025-10-12
MEM000286,Matthew,Lee,2003-07-03,F,(589) 537-8212,robert97@example.org,1069 Holt Forks,Denver,IL,USA,Student,2024-12-17,Active,2025-10-12
MEM000287,Marcus,Hubbard,1964-10-11,M,(528) 817-4290,barbaramack@example.com,65511 Amanda Island Apt. 398,Chicago,CO,USA,Family,2024-02-03,Inactive,2025-10-12
MEM000288,Amanda,Mccoy,1999-12-25,F,(848) 702-4971,greenethomas@example.com,9221 Steele Rest,Denver,IL,USA,Student,2023-01-04,Active,2025-10-12
MEM000289,Leslie,Watts,1990-08-14,F,(404) 806-9939,wmorgan@example.org,557 Amber Lights Suite 236,Atlanta,FL,USA,Premium,2023-01-02,Active,2025-10-12
MEM000290,Caitlin,Morton,1999-12-23,M,(498) 909-2133,deborahavila@example.com,64763 Debra Street,Chicago,IL,USA,Basic,2023-04-10,Inactive,2025-10-12
MEM000291,Shawn,Alvarez,2002-08-12,M,(633) 586-2211,georgemosley@example.com,37626 Tommy Shore,Chicago,FL,USA,Student,2024-11-29,Active,2025-10-12
MEM000292,Courtney,Moss,1993-08-05,F,(908) 628-9907,imartin@example.net,239 Elizabeth Throughway,Boston,CO,USA,Premium,2025-01-03,Active,2025-10-12
MEM000293,Kevin,Lara,1984-11-22,F,(311) 987-5067,pamelacunningham@example.net,6174 Rachel Trail,Denver,GA,USA,Family,2023-09-04,Active,2025-10-12
MEM000294,David,Hensley,1986-02-28,F,(609) 970-6432,bonillabrian@example.com,345 Clark Viaduct Suite 563,Chicago,MA,USA,Basic,2025-06-22,Inactive,2025-10-12
MEM000295,Thomas,Davis,2004-03-19,F,(794) 904-4621,bryantlori@example.com,8684 Paul Turnpike Apt. 651,Chicago,CO,USA,Student,2024-07-31,Active,2025-10-12
MEM000296,Erica,Palmer,1996-08-22,F,(553) 225-8909,lestershelly@example.net,309 Scott Terrace,Boston,CO,USA,Premium,2023-05-13,Active,2025-10-12
MEM000297,Timothy,Williams,1990-01-23,F,(345) 556-6110,alexissmith@example.net,035 Walsh Court,Denver,IL,USA,Family,2022-11-06,Active,2025-10-12
MEM000298,Sarah,King,1977-02-10,M,(939) 913-8412,cory12@example.org,939 Wu Lane,Denver,MA,USA,Premium,2024-02-15,Active,2025-10-12
MEM000299,Valerie,Martinez,1993-12-23,F,(863) 311-3692,nicholas20@example.net,51217 Jason Cliffs,Atlanta,FL,USA,Family,2024-08-11,Active,2025-10-12
MEM000300,Caroline,Jacobson,2007-01-08,F,(437) 614-4022,ttravis@example.org,56556 Angela Key,Atlanta,IL,USA,Student,2024-06-03,Active,2025-10-12
MEM000301,Harry,Strickland,1993-10-11,M,(639) 598-1072,laurakerr@example.net,73902 Austin Expressway,Atlanta,GA,USA,Premium,2022-11-17,Inactive,2025-10-12
MEM000302,James,Peters,1999-03-19,F,(749) 391-6993,carterronnie@example.org,626 West Islands,Denver,GA,USA,Premium,2025-06-04,Active,2025-10-12
MEM000303,Brittany,Barr,1991-01-31,F,(854) 520-7367,willischristopher@example.net,3855 Morris Fords Apt. 850,Miami,IL,USA,Basic,2023-04-06,Inactive,2025-10-12
MEM000304,Katherine,Johnson,1985-07-22,F,(889) 922-5873,sabrina46@example.com,10251 Nicole Island Apt. 241,Miami,FL,USA,Basic,2023-04-28,Inactive,2025-10-12
MEM000305,Monica,Wilson,2000-05-13,M,(387) 582-3316,sheabradley@example.com,410 Juan Trail,Miami,IL,USA,Student,2024-10-19,Active,2025-10-12
MEM000306,Gregory,Grant,1997-08-28,M,(850) 750-3838,hillandrea@example.org,1553 Tucker Highway,Miami,GA,USA,Basic,2025-03-17,Active,2025-10-12
MEM000307,Ashley,Adams,1993-11-02,F,(254) 567-1157,john82@example.org,53569 Ronald Gardens,Chicago,GA,USA,Basic,2024-09-25,Active,2025-10-12
MEM000308,Cody,Cox,2002-03-11,F,(618) 901-9056,briana12@example.org,225 Fernandez Skyway,Chicago,IL,USA,Student,2022-12-08,Active,2025-10-12
MEM000309,Sharon,Lawson,1994-02-01,F,(499) 233-5503,vbennett@example.com,059 Green Forest,Atlanta,FL,USA,Basic,2025-05-16,Active,2025-10-12
MEM000310,Kayla,Harding,1990-12-06,F,(707) 762-9369,meganterry@example.com,45163 Robert Corner,Boston,FL,USA,Premium,2023-12-08,Active,2025-10-12
MEM000311,Brian,Stein,2007-02-15,M,(974) 242-8231,ycontreras@example.net,2392 Murphy Motorway,Miami,GA,USA,Basic,2023-09-01,Inactive,2025-10-12
MEM000312,Jennifer,Herrera,1953-12-14,F,(504) 233-8368,nicole24@example.net,97129 Kevin Tunnel Apt. 259,Denver,CO,USA,Senior,2023-03-17,Inactive,2025-10-12
MEM000313,Jennifer,Williams,1960-04-13,M,(442) 414-6744,jack80@example.net,835 Anderson Parkway,Miami,IL,USA,Basic,2023-02-19,Inactive,2025-10-12
MEM000314,Misty,Manning,2002-11-02,M,(260) 783-6747,mmercer@example.net,33715 Adams Heights,Miami,CO,USA,Student,2025-03-08,Active,2025-10-12
MEM000315,Donna,Mcdowell,1984-02-23,M,(786) 473-9428,lowelauren@example.org,7676 Nunez Pike,Boston,GA,USA,Basic,2025-06-18,Inactive,2025-10-12
MEM000316,Ryan,Forbes,1951-05-01,O,(871) 329-3174,dickersondonna@example.org,397 Dickson Gateway,Atlanta,GA,USA,Basic,2024-12-21,Inactive,2025-10-12
MEM000317,Hannah,Perez,1980-04-16,F,(701) 345-5402,mary05@example.net,2728 Brittany Canyon,Chicago,IL,USA,Family,2023-09-29,Active,2025-10-12
MEM000318,Lisa,Clark,1996-11-26,M,(727) 967-5558,thoward@example.com,254 Smith Bypass,Denver,IL,USA,Premium,2023-01-24,Inactive,2025-10-12
MEM000319,Cassie,Carey,1956-04-11,F,(950) 295-8511,hodgejames@example.net,104 Lopez Avenue,Denver,MA,USA,Senior,2025-05-16,Active,2025-10-12
MEM000320,Sandra,Hayden,1975-08-24,F,(706) 474-6289,danielsmarcus@example.org,384 Ashley Inlet Suite 257,Denver,CO,USA,Basic,2023-11-11,Inactive,2025-10-12
MEM000321,Shannon,Miller,1998-05-31,F,(898) 980-1793,kellygeorge@example.org,81243 Medina Plain Suite 405,Boston,MA,USA,Basic,2025-07-05,Inactive,2025-10-12
MEM000322,Lauren,Taylor,1983-10-28,F,(361) 651-8479,ssmith@example.org,520 Brian Terrace,Boston,IL,USA,Family,2024-08-28,Active,2025-10-12
MEM000323,Wanda,Alexander,1997-08-23,F,(362) 480-2529,carmen89@example.com,64731 Taylor Knolls Apt. 642,Denver,CO,USA,Premium,2023-12-22,Active,2025-10-12
MEM000324,John,Strong,2004-10-25,M,(840) 512-4836,angelazimmerman@example.com,036 Jessica Brook,Chicago,MA,USA,Basic,2023-11-05,Active,2025-10-12
MEM000325,Angela,Dillon,1988-03-23,M,(431) 731-8291,gdavila@example.org,66455 Vincent Streets Apt. 778,Boston,MA,USA,Basic,2023-09-29,Active,2025-10-12
MEM000326,Ryan,Smith,1975-04-24,M,(335) 689-2160,nicole07@example.net,367 James Bridge,Atlanta,IL,USA,Family,2025-05-13,Inactive,2025-10-12
MEM000327,Peter,Moyer,2003-01-29,M,(506) 340-7270,vdickerson@example.com,43306 Daniels Lodge,Atlanta,GA,USA,Basic,2025-08-15,Active,2025-10-12
MEM000328,Amy,Simon,2004-12-25,M,(559) 939-4490,hamptoncole@example.org,00267 Tate Lodge,Atlanta,IL,USA,Student,2024-09-11,Active,2025-10-12
MEM000329,Tracey,Manning,1979-06-15,F,(343) 970-3017,joe95@example.com,225 Ford Unions,Miami,IL,USA,Premium,2023-03-02,Active,2025-10-12
MEM000330,Amber,Brown,1996-09-17,M,(860) 286-5065,tommywilson@example.com,455 Wong Drives,Miami,FL,USA,Premium,2025-03-28,Active,2025-10-12
MEM000331,Amy,Johnston,1988-08-27,F,(874) 508-4366,justin64@example.org,7890 Tanner Locks,Miami,FL,USA,Premium,2023-11-12,Active,2025-10-12
MEM000332,Lauren,Moon,1996-02-10,M,(445) 706-7322,phernandez@example.com,51501 Patrick Burgs Apt. 946,Boston,GA,USA,Premium,2023-09-18,Active,2025-10-12
MEM000333,Nicholas,Summers,1992-07-18,O,(569) 524-3162,destiny00@example.net,6861 Little Roads,Chicago,FL,USA,Premium,2023-03-25,Active,2025-10-12
MEM000334,Sean,Mclaughlin,1991-10-18,F,(988) 274-1273,twiley@example.com,57848 Joshua Loaf Apt. 588,Miami,MA,USA,Premium,2024-02-28,Active,2025-10-12
MEM000335,Sharon,Neal,2007-06-09,F,(607) 718-5693,paulbennett@example.org,4414 Castro Flats,Miami,IL,USA,Student,2025-01-06,Inactive,2025-10-12
MEM000336,Shari,Cobb,1999-05-13,F,(356) 484-2369,jerometucker@example.net,51249 Donald Village,Denver,MA,USA,Premium,2024-12-19,Active,2025-10-12
MEM000337,Tonya,Davila,1990-01-06,F,(600) 800-2083,lauramoore@example.org,3242 Stephanie Divide,Denver,IL,USA,Basic,2025-09-15,Active,2025-10-12
MEM000338,Alicia,Zamora,1983-01-26,M,(644) 318-8428,kimberlygarcia@example.net,28743 Monica Dam Apt. 669,Miami,FL,USA,Family,2023-02-26,Active,2025-10-12
MEM000339,Douglas,Gonzales,2007-07-01,M,(212) 924-3248,patricia35@example.com,2444 Paul Forges Apt. 993,Boston,GA,USA,Basic,2023-12-15,Active,2025-10-12
MEM000340,Kathryn,Hansen,1996-04-07,F,(465) 370-7092,mcconnelldiana@example.com,994 Jenkins Views Suite 109,Atlanta,CO,USA,Basic,2023-11-21,Active,2025-10-12
MEM000341,Austin,Obrien,1987-04-30,M,(639) 478-9582,samantha25@example.net,7600 David Lake Apt. 817,Boston,CO,USA,Basic,2023-05-28,Inactive,2025-10-12
MEM000342,Karen,Tucker,1979-05-03,F,(568) 256-9185,elliottdavid@example.com,39493 Christina Views Suite 859,Miami,GA,USA,Premium,2025-01-17,Active,2025-10-12
MEM000343,Jacob,Morris,1993-02-14,F,(940) 318-4742,nicoleshort@example.net,82250 Gardner Forest,Miami,MA,USA,Basic,2023-06-04,Active,2025-10-12
MEM000344,Brandon,Roberts,2003-02-17,F,(592) 353-3932,burnsstephen@example.net,646 Ross Mills Apt. 366,Boston,FL,USA,Basic,2023-03-23,Active,2025-10-12
MEM000345,Jackson,Young,1972-07-10,M,(454) 626-6241,andrewhickman@example.net,3971 Holland Streets,Denver,MA,USA,Premium,2023-03-18,Active,2025-10-12
MEM000346,Anthony,Miller,1976-01-07,M,(428) 728-1752,lmcintosh@example.com,503 Colin Courts Suite 042,Chicago,MA,USA,Basic,2023-10-28,Active,2025-10-12
MEM000347,Angela,Martinez,1970-11-05,M,(288) 766-8483,perkinsjamie@example.net,91693 Hurst Radial Suite 152,Boston,CO,USA,Family,2024-04-04,Active,2025-10-12
MEM000348,Scott,Contreras,1999-09-19,F,(675) 577-9083,amanda73@example.net,007 Graham Ramp,Atlanta,FL,USA,Premium,2023-03-12,Active,2025-10-12
MEM000349,Sarah,Raymond,1986-02-09,M,(438) 754-6675,burnsthomas@example.org,44957 Matthew Stream Suite 353,Boston,CO,USA,Basic,2025-05-28,Active,2025-10-12
MEM000350,Edwin,Sweeney,2002-04-30,F,(306) 410-9680,zbrowning@example.com,830 Medina Locks Apt. 871,Atlanta,IL,USA,Basic,2024-12-18,Inactive,2025-10-12
MEM000351,Tyrone,Price,1996-07-11,F,(295) 244-4792,bmoore@example.com,1334 Tran Glen Suite 899,Miami,IL,USA,Basic,2025-01-20,Inactive,2025-10-12
MEM000352,Ashley,Henry,1984-03-17,M,(297) 717-3187,uhowe@example.com,21359 Tina Village,Chicago,MA,USA,Basic,2025-01-03,Inactive,2025-10-12
MEM000353,Paul,Ford,1975-06-02,M,(498) 467-6161,justinrogers@example.com,42185 Lutz Hollow,Chicago,CO,USA,Basic,2023-11-14,Active,2025-10-12
MEM000354,Lauren,Beck,1996-05-28,M,(998) 988-2785,dharris@example.net,127 Lori Summit,Atlanta,MA,USA,Basic,2022-10-31,Active,2025-10-12
MEM000355,Tammy,Hayes,2004-08-17,F,(988) 412-8404,burchalexis@example.net,23514 Stephanie Hollow,Denver,IL,USA,Student,2023-11-08,Active,2025-10-12
MEM000356,Douglas,Franklin,1990-12-13,F,(921) 913-1660,carol83@example.net,5587 Villa Creek Apt. 805,Atlanta,CO,USA,Basic,2025-03-06,Active,2025-10-12
MEM000357,Michael,Schwartz,2003-01-05,M,(250) 893-5896,iwallace@example.com,790 Andrea Circle Suite 611,Denver,GA,USA,Basic,2025-02-22,Inactive,2025-10-12
MEM000358,Daniel,Stewart,2001-01-30,F,(455) 296-8570,amanda99@example.com,137 Emily Common Suite 606,Boston,GA,USA,Student,2024-10-14,Active,2025-10-12
MEM000359,Jesse,Harris,2003-12-15,M,(402) 610-7098,rosalestimothy@example.net,18671 Andrew Springs Apt. 628,Boston,FL,USA,Student,2023-07-24,Active,2025-10-12
MEM000360,Mary,Hicks,1986-12-29,O,(402) 861-8265,erika69@example.com,79285 Williams Vista,Atlanta,MA,USA,Family,2024-07-19,Active,2025-10-12
MEM000361,Ryan,Delgado,1964-07-23,M,(672) 251-3752,brownerica@example.org,3573 Tucker Green,Miami,IL,USA,Family,2024-03-08,Active,2025-10-12
MEM000362,Douglas,Reed,1959-10-29,F,(376) 562-4517,erica22@example.net,5872 Shelly Stream,Atlanta,CO,USA,Basic,2025-08-24,Active,2025-10-12
MEM000363,Holly,Yoder,1993-06-27,F,(451) 862-5835,michelle24@example.net,59863 Anna Manor Suite 972,Chicago,IL,USA,Family,2024-01-14,Active,2025-10-12
MEM000364,Michael,Chambers,1971-12-13,M,(629) 404-9614,davidvaldez@example.com,57736 Lane Glens,Atlanta,FL,USA,Premium,2025-04-05,Active,2025-10-12
MEM000365,Donald,Rose,1976-06-16,M,(757) 696-6636,rebeccamontgomery@example.org,625 Peter Viaduct Apt. 435,Miami,FL,USA,Family,2023-01-17,Active,2025-10-12
MEM000366,Karen,Anderson,1997-12-22,F,(230) 997-5602,ereynolds@example.net,017 Sean Radial Suite 177,Boston,IL,USA,Basic,2022-11-22,Active,2025-10-12
MEM000367,Manuel,Peters,1995-03-12,O,(302) 453-4951,carolhill@example.net,54989 Brandon Lane Apt. 293,Denver,FL,USA,Premium,2024-05-06,Inactive,2025-10-12
MEM000368,Jesse,Little,1966-05-30,O,(424) 789-7363,tammymoore@example.net,992 Laura Park Apt. 860,Denver,GA,USA,Family,2023-09-20,Active,2025-10-12
MEM000369,Eric,Hutchinson,2006-08-04,F,(805) 228-6761,gharmon@example.net,5702 Walton Pass Apt. 988,Miami,FL,USA,Student,2023-01-26,Inactive,2025-10-12
MEM000370,Linda,Benson,2006-03-18,F,(704) 755-6063,thomasclark@example.org,970 Carl Port,Atlanta,IL,USA,Basic,2024-12-22,Inactive,2025-10-12
MEM000371,Steven,Clark,2001-03-02,M,(689) 200-6435,tjimenez@example.net,0972 Palmer Dam,Miami,GA,USA,Student,2025-09-13,Active,2025-10-12
MEM000372,Bradley,Miller,1964-10-24,F,(531) 260-1359,braysteven@example.com,36775 Barbara Mountains Suite 500,Atlanta,FL,USA,Basic,2023-11-26,Active,2025-10-12
MEM000373,Jason,Patel,1978-12-18,F,(573) 274-7120,ospencer@example.org,142 Brent Camp Apt. 080,Chicago,FL,USA,Basic,2025-06-26,Active,2025-10-12
MEM000374,Tracy,Stone,2005-01-14,M,(647) 854-8982,davismichael@example.org,20064 Eric Rue Suite 184,Denver,GA,USA,Student,2023-12-14,Active,2025-10-12
MEM000375,Nathan,Mcintosh,1977-09-02,F,(565) 428-3872,davidjohnson@example.org,139 Alvarado Pine Apt. 127,Chicago,CO,USA,Premium,2023-04-17,Inactive,2025-10-12
MEM000376,Michael,Christensen,1979-09-22,M,(918) 786-7415,plamb@example.net,41149 Cooper Circle Suite 623,Miami,MA,USA,Basic,2025-01-31,Active,2025-10-12
MEM000377,Jeffrey,Brown,2007-02-07,F,(854) 779-2705,stevenconway@example.com,189 Walter Roads Suite 817,Chicago,GA,USA,Student,2024-01-26,Inactive,2025-10-12
MEM000378,William,Thompson,1993-12-26,M,(851) 290-6500,coxstacy@example.com,1205 Patricia Wells Suite 333,Chicago,MA,USA,Basic,2024-12-23,Active,2025-10-12
MEM000379,Martha,Webb,1997-06-15,M,(310) 937-1020,michaelharrison@example.org,510 Amy Ville Suite 360,Boston,IL,USA,Basic,2023-05-11,Active,2025-10-12
MEM000380,Robert,Davis,1998-09-08,M,(587) 559-9946,melanie80@example.net,14748 Cox Dale,Chicago,MA,USA,Premium,2024-06-13,Active,2025-10-12
MEM000381,Stacy,Barrera,1967-05-09,F,(430) 366-8393,elizabethgray@example.org,505 John Pass,Boston,MA,USA,Premium,2025-03-13,Active,2025-10-12
MEM000382,Steven,Gonzalez,1996-06-23,M,(374) 584-3636,meghankent@example.net,11854 Ruth Heights Suite 552,Boston,FL,USA,Basic,2025-04-03,Inactive,2025-10-12
MEM000383,Brittany,Smith,1973-01-17,O,(694) 921-1507,garysmith@example.com,246 Makayla Islands Apt. 464,Chicago,GA,USA,Family,2024-09-24,Active,2025-10-12
MEM000384,Kristin,Weaver,1976-10-23,M,(394) 619-9849,paynemarc@example.net,27364 Mitchell Summit Suite 733,Denver,CO,USA,Premium,2025-05-24,Active,2025-10-12
MEM000385,William,Dougherty,1994-08-19,F,(702) 357-1893,zdavis@example.net,02032 Kelly Cliffs Suite 797,Denver,MA,USA,Basic,2023-04-22,Active,2025-10-12
MEM000386,Joann,Moore,1993-12-17,F,(404) 299-1421,nicole87@example.com,512 Brenda Ports Apt. 042,Atlanta,GA,USA,Basic,2025-08-30,Active,2025-10-12
MEM000387,Amy,Hawkins,1980-02-21,M,(607) 682-9013,bryanwilliams@example.com,44627 Jesse Shore Suite 416,Denver,MA,USA,Family,2023-08-15,Active,2025-10-12
MEM000388,Paul,Collins,1984-03-29,M,(391) 656-1731,carterkaren@example.org,1104 Pitts Course,Denver,IL,USA,Basic,2025-05-31,Active,2025-10-12
MEM000389,Jacob,Mitchell,1991-05-23,M,(970) 913-2584,bobbyallen@example.org,70897 Samantha Branch,Boston,CO,USA,Basic,2024-08-05,Active,2025-10-12
MEM000390,Glenn,Grimes,1974-05-06,M,(262) 596-9561,fordbrian@example.org,38938 Lisa Club Suite 904,Chicago,FL,USA,Premium,2023-03-21,Active,2025-10-12
MEM000391,Justin,Espinoza,1986-09-26,M,(506) 280-7468,daykatie@example.org,0004 Mary Lights Suite 155,Boston,FL,USA,Family,2025-03-26,Active,2025-10-12
MEM000392,Brett,Graves,1974-12-15,O,(350) 323-8357,julie21@example.com,1369 Tammy Square,Atlanta,GA,USA,Premium,2022-12-06,Active,2025-10-12
MEM000393,Brooke,Wilson,1959-03-31,M,(899) 645-4308,danaolson@example.org,9187 Adam Bridge,Atlanta,FL,USA,Basic,2023-04-08,Active,2025-10-12
MEM000394,Christina,Dennis,1995-03-11,M,(597) 769-7510,amandawarren@example.com,6766 William Plaza Suite 974,Miami,CO,USA,Family,2023-11-27,Inactive,2025-10-12
MEM000395,Jason,Alexander,1961-01-23,M,(917) 838-9561,awilkins@example.org,323 Anna Ports Suite 926,Chicago,MA,USA,Premium,2023-08-20,Inactive,2025-10-12
MEM000396,Brooke,Small,1998-10-07,F,(302) 308-2654,emilyjohnson@example.net,26241 Denise Lock,Denver,FL,USA,Basic,2024-08-10,Active,2025-10-12
MEM000397,Lisa,Bowen,1970-01-30,F,(785) 823-8750,robinmays@example.org,1621 Eaton Square,Boston,GA,USA,Family,2024-02-27,Active,2025-10-12
MEM000398,Craig,Simon,1996-01-01,F,(239) 605-6431,ahatfield@example.net,97066 Wright Shores Apt. 149,Atlanta,MA,USA,Basic,2022-12-28,Active,2025-10-12
MEM000399,Andrea,Anderson,1980-10-02,M,(510) 518-5593,qgarcia@example.org,6789 Lance Orchard,Chicago,MA,USA,Family,2024-03-04,Inactive,2025-10-12
MEM000400,Nicolas,Peterson,1956-06-23,F,(992) 528-5414,zjohnson@example.com,24812 Eric Lodge,Chicago,FL,USA,Senior,2023-05-14,Active,2025-10-12
MEM000401,Kelly,Henry,1982-03-11,F,(958) 696-9462,elizabethbaker@example.com,4054 Cook Neck Suite 085,Denver,MA,USA,Basic,2022-12-08,Active,2025-10-12
MEM000402,William,Morgan,1995-08-09,F,(338) 999-9589,ujohnson@example.com,1491 Franklin Greens,Miami,MA,USA,Basic,2023-01-18,Active,2025-10-12
MEM000403,Denise,Newton,2003-11-07,M,(233) 667-1828,wilsondiana@example.net,049 Andrea Way Apt. 485,Denver,GA,USA,Basic,2023-12-09,Active,2025-10-12
MEM000404,Whitney,Rhodes,1990-03-23,F,(326) 897-1500,johnsonalexis@example.com,226 Thomas Path,Atlanta,CO,USA,Family,2022-12-24,Active,2025-10-12
MEM000405,Tracy,Davis,1995-10-25,F,(764) 558-6640,matthewhiggins@example.com,211 Chan Corners Apt. 132,Atlanta,CO,USA,Premium,2024-11-18,Inactive,2025-10-12
MEM000406,Claudia,Beard,1980-06-18,M,(366) 785-4511,skelly@example.com,05077 Macias Views,Atlanta,GA,USA,Premium,2024-04-09,Active,2025-10-12
MEM000407,Stephanie,Holden,1982-03-14,M,(999) 985-1145,jonathan13@example.net,2975 Howard Village Apt. 985,Chicago,GA,USA,Basic,2023-11-23,Active,2025-10-12
MEM000408,Andrew,Butler,1988-03-01,M,(512) 929-5511,terri83@example.com,546 Cain Island Apt. 795,Chicago,IL,USA,Premium,2024-01-21,Active,2025-10-12
MEM000409,Jennifer,Walker,1973-12-03,M,(733) 838-7506,benjamin41@example.org,150 Stafford Camp,Miami,MA,USA,Premium,2023-01-14,Active,2025-10-12
MEM000410,Tammy,Palmer,2003-10-12,F,(774) 862-5631,osbornangela@example.com,887 Janice Common Suite 070,Denver,MA,USA,Basic,2023-01-24,Inactive,2025-10-12
MEM000411,Rachel,Long,1992-01-25,M,(483) 467-5895,whiteandrew@example.com,56548 Horton Place,Atlanta,GA,USA,Basic,2023-07-24,Active,2025-10-12
MEM000412,James,Carpenter,1991-06-04,F,(814) 613-6236,emilyerickson@example.com,22151 Bryan Lake Apt. 583,Atlanta,MA,USA,Basic,2023-01-05,Active,2025-10-12
MEM000413,Elizabeth,Andersen,1983-06-03,M,(597) 954-1578,ashleypierce@example.org,19709 Flores Vista Suite 478,Miami,FL,USA,Family,2024-12-03,Active,2025-10-12
MEM000414,Jessica,Hall,1962-04-16,F,(853) 687-6873,scottmitchell@example.net,06950 Derrick Extensions Suite 352,Miami,CO,USA,Basic,2024-08-19,Active,2025-10-12
MEM000415,Michael,Marquez,1967-04-11,M,(299) 682-3096,josephjason@example.net,2804 Martinez Islands,Denver,FL,USA,Family,2022-11-08,Inactive,2025-10-12
MEM000416,Michael,Peters,1988-07-05,M,(291) 427-6820,ballardfelicia@example.org,1863 Patterson Common Apt. 239,Atlanta,CO,USA,Basic,2025-06-22,Active,2025-10-12
MEM000417,Rachel,King,1991-12-15,F,(674) 320-8709,taylormary@example.com,879 Gillespie Spurs,Boston,FL,USA,Family,2023-07-28,Active,2025-10-12
MEM000418,Tina,Martin,1983-01-15,M,(322) 897-7253,ichavez@example.com,6549 Calderon Pass Suite 984,Miami,CO,USA,Premium,2023-11-06,Active,2025-10-12
MEM000419,Jeff,Mayer,1997-10-05,O,(550) 619-8496,kathrynbest@example.net,49132 Marcus Ford,Atlanta,CO,USA,Family,2023-08-12,Active,2025-10-12
MEM000420,Zachary,Jones,1962-01-04,M,(381) 520-1950,harristodd@example.org,979 Aguilar Ports,Boston,IL,USA,Basic,2023-08-19,Active,2025-10-12
MEM000421,Nicholas,Smith,1996-10-15,F,(701) 981-2442,julie18@example.net,9966 Perry Meadows Suite 664,Atlanta,FL,USA,Premium,2024-09-18,Active,2025-10-12
MEM000422,Roberto,Steele,1989-12-07,F,(204) 238-9745,joshua34@example.org,0630 Anna Ridges,Atlanta,CO,USA,Premium,2024-12-05,Active,2025-10-12
MEM000423,Rebecca,Smith,1952-09-18,F,(218) 892-1067,tonyshaffer@example.net,44984 Catherine Mill Apt. 519,Atlanta,GA,USA,Basic,2023-10-12,Active,2025-10-12
MEM000424,Melissa,Orozco,1983-01-18,M,(802) 513-3736,jonathanwatson@example.net,23292 White Courts Suite 924,Boston,MA,USA,Basic,2025-07-21,Active,2025-10-12
MEM000425,Christopher,Hill,1991-02-06,F,(545) 644-3192,annettewilliams@example.com,0683 Leah Brook Apt. 492,Denver,IL,USA,Basic,2024-09-28,Active,2025-10-12
MEM000426,Krystal,Mason,1996-03-28,F,(613) 219-4742,ddonovan@example.net,940 Harry Manor Apt. 400,Atlanta,GA,USA,Basic,2024-03-24,Inactive,2025-10-12
MEM000427,Shane,Lane,1997-04-20,M,(928) 866-1612,rosariojoshua@example.org,260 Jonathan Throughway Suite 548,Chicago,CO,USA,Basic,2024-02-24,Active,2025-10-12
MEM000428,Bridget,Francis,1984-10-18,M,(310) 869-1323,christianwilliams@example.org,754 Rowe Forge Suite 126,Boston,MA,USA,Premium,2024-12-18,Active,2025-10-12
MEM000429,Matthew,Howard,1996-12-23,F,(356) 410-1152,staylor@example.net,002 Emily Crest Apt. 140,Denver,IL,USA,Basic,2025-02-28,Active,2025-10-12
MEM000430,Nancy,Miller,1978-01-17,F,(340) 628-2718,gavila@example.net,3731 Martinez Cape,Miami,FL,USA,Premium,2024-12-14,Active,2025-10-12
MEM000431,Jennifer,Myers,2007-04-16,M,(404) 996-5308,powersmiguel@example.com,982 Roach Ville,Miami,GA,USA,Student,2024-01-07,Active,2025-10-12
MEM000432,Karen,Johns,1992-04-21,F,(412) 904-8875,theodore22@example.net,07525 Diaz Trail,Denver,GA,USA,Premium,2022-11-30,Active,2025-10-12
MEM000433,Donald,Sanders,2006-02-27,F,(885) 705-3443,fieldsjack@example.com,6835 Rodriguez Tunnel Suite 202,Boston,FL,USA,Basic,2023-05-16,Inactive,2025-10-12
MEM000434,Erin,Wilson,2000-12-21,F,(667) 503-5327,millerkimberly@example.org,6563 Rodney Ville Suite 807,Chicago,MA,USA,Basic,2024-03-17,Inactive,2025-10-12
MEM000435,Jeremy,Perkins,2003-11-11,M,(893) 520-7979,scott83@example.net,2450 Thomas Ferry,Boston,MA,USA,Student,2023-09-09,Active,2025-10-12
MEM000436,Rebecca,Gordon,1965-04-20,M,(862) 374-6384,delgadojoshua@example.org,17162 Daniel Tunnel Apt. 036,Denver,IL,USA,Family,2025-10-09,Active,2025-10-12
MEM000437,Victoria,Phillips,1953-12-10,M,(550) 387-2865,andrew33@example.org,51662 Richard Spur,Chicago,IL,USA,Senior,2023-12-08,Active,2025-10-12
MEM000438,Maria,Carrillo,1948-07-08,F,(631) 864-3732,lindsay40@example.net,816 Roman Forest Suite 462,Boston,GA,USA,Senior,2025-01-30,Active,2025-10-12
MEM000439,Maria,Miller,1980-04-06,M,(626) 804-8908,qolson@example.net,840 Justin Parkway Apt. 782,Miami,IL,USA,Basic,2023-09-03,Inactive,2025-10-12
MEM000440,Paul,Brooks,2003-10-22,M,(900) 944-3140,jose65@example.com,48211 Christopher Stravenue Apt. 273,Chicago,IL,USA,Student,2023-03-27,Active,2025-10-12
MEM000441,Christina,Adams,2001-09-01,M,(521) 212-9598,tuckernicholas@example.net,638 Kara Stravenue Apt. 573,Miami,FL,USA,Student,2025-06-18,Active,2025-10-12
MEM000442,Mark,Jordan,1991-02-22,F,(904) 917-2560,graysamuel@example.net,534 Lam Rapid,Chicago,GA,USA,Family,2024-11-18,Inactive,2025-10-12
MEM000443,Virginia,Thomas,1998-06-08,M,(771) 827-1894,aaron15@example.net,15652 Allison Place,Boston,GA,USA,Premium,2024-07-15,Active,2025-10-12
MEM000444,Robert,Taylor,1995-01-04,M,(969) 703-6253,pharper@example.com,97880 Anderson Forge,Atlanta,CO,USA,Premium,2023-01-11,Active,2025-10-12
MEM000445,David,Jimenez,1957-10-27,F,(612) 440-2291,sullivankristi@example.com,1703 Reyes Lights Suite 508,Chicago,IL,USA,Senior,2024-08-26,Active,2025-10-12
MEM000446,Andrew,Flores,1960-11-18,M,(321) 709-1291,tgarcia@example.net,22632 Collier Mountain Apt. 582,Boston,IL,USA,Premium,2024-11-22,Inactive,2025-10-12
MEM000447,Kimberly,Estes,1991-10-31,M,(818) 833-5990,ctownsend@example.org,83886 Brown Pines Suite 461,Miami,FL,USA,Premium,2023-01-11,Active,2025-10-12
MEM000448,Tammy,Beck,1998-10-26,M,(255) 428-8445,james51@example.com,75558 Loretta Bypass Suite 202,Denver,FL,USA,Premium,2024-11-18,Inactive,2025-10-12
MEM000449,Brenda,Salazar,1977-08-07,M,(663) 316-2596,kathrynmorales@example.com,75171 Mcdonald Wells Suite 422,Atlanta,MA,USA,Premium,2022-11-05,Active,2025-10-12
MEM000450,Scott,Mann,1999-06-11,M,(734) 582-2741,morrisadam@example.net,3115 Chavez Wells Suite 186,Boston,GA,USA,Family,2023-01-02,Inactive,2025-10-12
MEM000451,Amber,Snyder,1992-02-02,M,(460) 825-4209,ihoward@example.org,85675 Smith Alley Apt. 523,Atlanta,MA,USA,Family,2022-12-29,Active,2025-10-12
MEM000452,Kyle,Brown,1969-07-14,F,(933) 546-2765,lindsaygallagher@example.com,6749 Davis Villages,Chicago,MA,USA,Basic,2023-06-01,Active,2025-10-12
MEM000453,Tommy,Jones,1967-01-07,F,(661) 668-9260,samantha20@example.com,43844 Kimberly Views,Atlanta,IL,USA,Family,2023-10-04,Active,2025-10-12
MEM000454,Debbie,Kim,2004-04-25,M,(799) 694-9328,mwyatt@example.com,316 Sanchez Forks Suite 854,Atlanta,FL,USA,Basic,2025-09-11,Active,2025-10-12
MEM000455,Paul,Martin,2000-08-02,F,(820) 529-9259,gordonthomas@example.com,7108 Gonzalez Hollow,Chicago,IL,USA,Basic,2023-08-24,Active,2025-10-12
MEM000456,Christopher,Warren,1956-01-21,M,(551) 501-8419,leemary@example.com,8863 White Trail,Atlanta,GA,USA,Basic,2024-05-05,Active,2025-10-12
MEM000457,Calvin,Wright,1994-12-06,M,(918) 760-6143,ppage@example.net,007 Stefanie Rue,Miami,GA,USA,Premium,2023-06-18,Active,2025-10-12
MEM000458,Christine,Erickson,1996-01-10,M,(888) 335-3913,rachel04@example.org,0245 Derek Roads Suite 708,Miami,FL,USA,Premium,2024-03-05,Active,2025-10-12
MEM000459,Angelica,Blankenship,1975-04-28,M,(691) 796-7839,smithsarah@example.com,148 Denise Loaf,Miami,CO,USA,Basic,2024-03-19,Active,2025-10-12
MEM000460,Victoria,Austin,1971-02-19,M,(590) 348-1869,bkeller@example.com,748 Jessica Green Apt. 364,Boston,GA,USA,Premium,2023-10-12,Active,2025-10-12
MEM000461,Tina,Winters,1989-12-15,F,(349) 263-5835,ashley76@example.net,2672 Stephen Greens Apt. 893,Atlanta,FL,USA,Premium,2025-02-17,Inactive,2025-10-12
MEM000462,Cindy,Graham,2003-07-03,F,(957) 775-4675,marythompson@example.com,9688 Bell Cliffs,Miami,IL,USA,Basic,2023-01-14,Active,2025-10-12
MEM000463,John,Conley,1998-10-10,M,(880) 248-7251,brownjacqueline@example.org,65287 Latoya Highway,Chicago,IL,USA,Premium,2025-03-29,Active,2025-10-12
MEM000464,Michael,Johnson,1952-09-18,F,(213) 961-5117,warneralvin@example.net,5758 Joseph Spurs Apt. 767,Atlanta,FL,USA,Basic,2023-01-19,Active,2025-10-12
MEM000465,Jennifer,Adams,1963-12-30,M,(848) 921-7025,scottrodriguez@example.org,9191 Frank Wall Suite 896,Miami,FL,USA,Family,2024-03-24,Active,2025-10-12
MEM000466,Brandi,Ford,1977-01-27,M,(659) 381-2220,evaldez@example.net,9666 Griffith Skyway,Atlanta,GA,USA,Basic,2025-04-29,Active,2025-10-12
MEM000467,Brittany,Hess,1975-11-16,M,(470) 333-3636,jeremymays@example.com,86361 Medina Ford Apt. 113,Miami,CO,USA,Basic,2023-11-17,Active,2025-10-12
MEM000468,Brad,Nguyen,2006-09-18,M,(530) 811-1833,morganbaker@example.net,4428 Kim Crossing Apt. 520,Miami,CO,USA,Student,2023-05-22,Inactive,2025-10-12
MEM000469,Yolanda,Wells,1993-07-07,F,(525) 738-4603,coleshannon@example.net,4855 Christine Rapid,Atlanta,FL,USA,Premium,2025-10-10,Active,2025-10-12
MEM000470,Julie,Moore,2003-05-10,F,(294) 557-4624,wolfpaul@example.org,37601 Hicks Inlet,Atlanta,CO,USA,Student,2023-10-15,Active,2025-10-12
MEM000471,Sara,Harrell,1993-01-18,F,(686) 774-1144,lnoble@example.com,4808 Larry Ferry,Boston,CO,USA,Basic,2023-04-13,Inactive,2025-10-12
MEM000472,Gregory,Baker,1997-02-02,F,(240) 898-6258,beckeramber@example.com,769 Ball Port Apt. 754,Chicago,MA,USA,Family,2024-12-21,Active,2025-10-12
MEM000473,Rachel,Brown,1999-06-08,F,(988) 583-9426,qlee@example.com,65680 Donna Lodge Apt. 465,Miami,IL,USA,Premium,2024-02-12,Active,2025-10-12
MEM000474,Evan,Washington,1995-05-17,M,(284) 298-3742,riceedward@example.net,161 Christopher Port,Miami,FL,USA,Basic,2025-02-20,Active,2025-10-12
MEM000475,William,Hall,2003-09-18,F,(901) 634-2702,lauren28@example.org,540 Joseph Point,Atlanta,FL,USA,Student,2025-06-15,Active,2025-10-12
MEM000476,Roberta,Warren,1962-05-26,M,(273) 964-3519,steven50@example.com,433 Baker Junctions Apt. 077,Boston,IL,USA,Family,2023-05-20,Active,2025-10-12
MEM000477,Kathy,Shah,1986-10-19,M,(457) 771-2154,ududley@example.com,26949 Bell Parks,Miami,GA,USA,Basic,2022-11-02,Active,2025-10-12
MEM000478,Tammy,Gentry,1968-04-15,M,(523) 217-7381,cassandra95@example.org,29193 William Canyon Suite 827,Boston,FL,USA,Premium,2023-02-26,Active,2025-10-12
MEM000479,Meghan,Gaines,2002-02-19,F,(246) 917-2189,jason20@example.com,8848 Taylor Points,Denver,FL,USA,Basic,2023-11-06,Active,2025-10-12
MEM000480,Dawn,Erickson,2003-09-13,M,(983) 648-7249,kevin00@example.com,809 Carroll Row Apt. 411,Chicago,MA,USA,Basic,2025-07-29,Active,2025-10-12
MEM000481,Jacob,Wall,1995-08-06,M,(758) 502-3360,billsmith@example.net,9148 David Cliff Apt. 160,Denver,CO,USA,Premium,2025-08-29,Active,2025-10-12
MEM000482,Adam,Curtis,1952-09-08,M,(242) 205-7456,savannah86@example.org,148 Danielle Overpass Apt. 115,Miami,FL,USA,Senior,2023-10-11,Inactive,2025-10-12
MEM000483,Lawrence,Meyer,1963-10-02,F,(552) 416-7760,kristykennedy@example.com,433 Harris Stravenue,Miami,GA,USA,Basic,2025-01-05,Active,2025-10-12
MEM000484,Amanda,Morrow,2001-04-29,M,(385) 887-1891,jimmyreeves@example.org,754 Christopher Course Apt. 720,Miami,IL,USA,Student,2025-05-16,Inactive,2025-10-12
MEM000485,Joyce,Harrison,1980-03-05,M,(402) 943-8982,toddford@example.org,87136 Lopez Courts,Denver,CO,USA,Basic,2024-03-09,Active,2025-10-12
MEM000486,Bradley,Chandler,2004-05-14,F,(398) 525-8960,lorraine77@example.net,1638 Kayla Mill,Chicago,CO,USA,Basic,2023-07-30,Active,2025-10-12
MEM000487,Heather,Hamilton,1978-09-10,F,(573) 523-8017,wendy95@example.org,50716 Harper Mission Apt. 981,Atlanta,MA,USA,Basic,2023-12-20,Active,2025-10-12
MEM000488,Samantha,Wright,1990-05-27,F,(483) 568-3200,robert86@example.com,957 Ricardo Island Suite 927,Denver,IL,USA,Premium,2024-01-15,Active,2025-10-12
MEM000489,Shawn,Mckee,1993-12-27,F,(379) 861-2343,rosalescatherine@example.net,63079 Lara Mountains,Denver,GA,USA,Basic,2023-06-08,Active,2025-10-12
MEM000490,Zachary,Reeves,1970-01-04,F,(944) 277-1305,michael92@example.org,474 Nguyen Flat,Miami,MA,USA,Basic,2023-01-13,Active,2025-10-12
MEM000491,Phillip,Garner,1961-01-23,M,(237) 764-5269,jeffreywalker@example.net,12710 Becker Fords Apt. 376,Miami,FL,USA,Premium,2025-10-01,Active,2025-10-12
MEM000492,David,Harris,1992-12-22,M,(990) 803-5767,jcooper@example.com,2304 Erika Glen,Atlanta,IL,USA,Premium,2025-01-02,Active,2025-10-12
MEM000493,Christopher,Martin,1997-05-29,M,(444) 828-3717,james95@example.org,87324 Bryan Expressway Suite 975,Miami,GA,USA,Basic,2023-11-19,Active,2025-10-12
MEM000494,Scott,Smith,1992-02-19,F,(349) 953-8921,kevin76@example.org,61186 Krause Coves Apt. 359,Denver,MA,USA,Basic,2024-12-09,Inactive,2025-10-12
MEM000495,Jason,Cameron,1996-10-30,M,(243) 884-4387,markcole@example.org,8585 Jasmine Cove,Miami,CO,USA,Premium,2023-10-13,Active,2025-10-12
MEM000496,Sally,Meyer,1997-02-23,M,(864) 531-2691,lauren87@example.net,827 Stanley Islands Apt. 430,Miami,CO,USA,Family,2022-10-20,Inactive,2025-10-12
MEM000497,Jennifer,Bradley,1959-11-15,M,(869) 587-6985,emartinez@example.com,537 Cory Lodge Apt. 122,Miami,MA,USA,Basic,2023-07-30,Active,2025-10-12
MEM000498,Karen,Hicks,1992-09-18,F,(561) 553-8976,nguyenandrea@example.org,70764 Michael Ports Apt. 954,Chicago,FL,USA,Basic,2023-07-21,Inactive,2025-10-12
MEM000499,Cody,Griffith,2001-05-09,M,(726) 858-5600,xmata@example.com,85227 King Drive Apt. 308,Atlanta,GA,USA,Basic,2024-03-12,Active,2025-10-12
MEM000500,Jeffrey,Arnold,2001-05-13,M,(435) 624-6410,qcurry@example.net,8842 James Mill Apt. 322,Boston,IL,USA,Student,2023-12-08,Active,2025-10-12
